T,th1,16%,50%,84%,Mean,STD
0.02,0.6967856593517798,0.6967856593517798,0.6967856593517798,0.6967856593517798,0.6967856593517798,0.0
0.04,0.6918937124114839,0.6918937124114839,0.6918937124114839,0.6918937124114839,0.6918937124114839,0.0
0.06,0.6904569345396439,0.6904569345396439,0.6904569345396439,0.6904569345396439,0.6904569345396439,0.0
0.08,0.720833210184479,0.720833210184479,0.720833210184479,0.720833210184479,0.720833210184479,0.0
0.1,0.7668863275866329,0.7668863275866329,0.7668863275866329,0.7668863275866329,0.7668863275866329,0.0
0.12000000000000001,1.638664553969484,1.638664553969484,1.638664553969484,1.638664553969484,1.638664553969484,0.0
0.13999999999999999,2.939700703107409,2.939700703107409,2.939700703107409,2.939700703107409,2.939700703107409,0.0
0.16,3.870238356482062,3.870238356482062,3.870238356482062,3.870238356482062,3.870238356482062,0.0
0.18,4.917206333721126,4.917206333721126,4.917206333721126,4.917206333721126,4.917206333721126,0.0
0.19999999999999998,7.232781862888949,7.232781862888949,7.232781862888949,7.232781862888949,7.232781862888949,0.0
0.22,6.235941228072221,6.235941228072221,6.235941228072221,6.235941228072221,6.235941228072221,0.0
0.24,9.075422906502244,9.075422906502244,9.075422906502244,9.075422906502244,9.075422906502244,0.0
0.26,14.109293936050754,14.109293936050754,14.109293936050754,14.109293936050754,14.109293936050754,0.0
0.28,20.60037589366322,20.60037589366322,20.60037589366322,20.60037589366322,20.60037589366322,0.0
0.30000000000000004,15.912561555252115,15.912561555252115,15.912561555252115,15.912561555252115,15.912561555252115,0.0
0.32,15.01958884384108,15.01958884384108,15.01958884384108,15.01958884384108,15.01958884384108,0.0
0.34,12.807999607164918,12.807999607164918,12.807999607164918,12.807999607164918,12.807999607164918,0.0
0.36000000000000004,12.484982790701139,12.484982790701139,12.484982790701139,12.484982790701139,12.484982790701139,0.0
0.38,16.569672278502125,16.569672278502125,16.569672278502125,16.569672278502125,16.569672278502125,0.0
0.4,26.519706933289214,26.519706933289214,26.519706933289214,26.519706933289214,26.519706933289214,0.0
0.42000000000000004,25.28992769320577,25.28992769320577,25.28992769320577,25.28992769320577,25.28992769320577,0.0
0.44,23.367161329675117,23.367161329675117,23.367161329675117,23.367161329675117,23.367161329675117,0.0
0.46,29.298077783474945,29.298077783474945,29.298077783474945,29.298077783474945,29.298077783474945,0.0
0.48000000000000004,42.09136722358629,42.09136722358629,42.09136722358629,42.09136722358629,42.09136722358629,0.0
0.5,52.88449137327341,52.88449137327341,52.88449137327341,52.88449137327341,52.88449137327341,0.0
0.52,51.29305973852013,51.29305973852013,51.29305973852013,51.29305973852013,51.29305973852013,0.0
0.54,45.19462373092031,45.19462373092031,45.19462373092031,45.19462373092031,45.19462373092031,0.0
0.56,43.21794722410037,43.21794722410037,43.21794722410037,43.21794722410037,43.21794722410037,0.0
0.5800000000000001,46.55815441044897,46.55815441044897,46.55815441044897,46.55815441044897,46.55815441044897,0.0
0.6,50.272588580159606,50.272588580159606,50.272588580159606,50.272588580159606,50.272588580159606,0.0
0.62,56.45918025776132,56.45918025776132,56.45918025776132,56.45918025776132,56.45918025776132,0.0
0.64,56.541946003661636,56.541946003661636,56.541946003661636,56.541946003661636,56.541946003661636,0.0
0.66,50.69337782977643,50.69337782977643,50.69337782977643,50.69337782977643,50.69337782977643,0.0
0.68,54.04723629232821,54.04723629232821,54.04723629232821,54.04723629232821,54.04723629232821,0.0
0.7000000000000001,61.11909187541834,61.11909187541834,61.11909187541834,61.11909187541834,61.11909187541834,0.0
0.7200000000000001,76.11306715098901,76.11306715098901,76.11306715098901,76.11306715098901,76.11306715098901,0.0
0.74,62.5156558428352,62.5156558428352,62.5156558428352,62.5156558428352,62.5156558428352,0.0
0.76,92.24886550383924,92.24886550383924,92.24886550383924,92.24886550383924,92.24886550383924,0.0
0.78,107.83887599967301,107.83887599967301,107.83887599967301,107.83887599967301,107.83887599967301,0.0
0.8,98.41615756704192,98.41615756704192,98.41615756704192,98.41615756704192,98.41615756704192,0.0
0.8200000000000001,93.85728140695647,93.85728140695647,93.85728140695647,93.85728140695647,93.85728140695647,0.0
0.8400000000000001,107.97194568387931,107.97194568387931,107.97194568387931,107.97194568387931,107.97194568387931,0.0
0.86,116.00444935293186,116.00444935293186,116.00444935293186,116.00444935293186,116.00444935293186,0.0
0.88,116.02601571156612,116.02601571156612,116.02601571156612,116.02601571156612,116.02601571156612,0.0
0.9,109.23039727026816,109.23039727026816,109.23039727026816,109.23039727026816,109.23039727026816,0.0
0.92,124.53835152202143,124.53835152202143,124.53835152202143,124.53835152202143,124.53835152202143,0.0
0.9400000000000001,125.40466569538131,125.40466569538131,125.40466569538131,125.40466569538131,125.40466569538131,0.0
0.9600000000000001,121.35859502628088,121.35859502628088,121.35859502628088,121.35859502628088,121.35859502628088,0.0
0.98,140.33948789087972,140.33948789087972,140.33948789087972,140.33948789087972,140.33948789087972,0.0
1.0,148.55739034477088,148.55739034477088,148.55739034477088,148.55739034477088,148.55739034477088,0.0
1.02,146.22931418923818,146.22931418923818,146.22931418923818,146.22931418923818,146.22931418923818,0.0
1.04,145.23145278352075,145.23145278352075,145.23145278352075,145.23145278352075,145.23145278352075,0.0
1.06,144.730531704418,144.730531704418,144.730531704418,144.730531704418,144.730531704418,0.0
1.08,145.08002250757812,145.08002250757812,145.08002250757812,145.08002250757812,145.08002250757812,0.0
1.1,146.9605491218592,146.9605491218592,146.9605491218592,146.9605491218592,146.9605491218592,0.0
1.12,150.9009456684817,150.9009456684817,150.9009456684817,150.9009456684817,150.9009456684817,0.0
1.1400000000000001,157.14997467400835,157.14997467400835,157.14997467400835,157.14997467400835,157.14997467400835,0.0
1.1600000000000001,165.04637567410137,165.04637567410137,165.04637567410137,165.04637567410137,165.04637567410137,0.0
1.18,173.5584292465557,173.5584292465557,173.5584292465557,173.5584292465557,173.5584292465557,0.0
1.2,181.4550575683253,181.4550575683253,181.4550575683253,181.4550575683253,181.4550575683253,0.0
1.22,187.4938819498399,187.4938819498399,187.4938819498399,187.4938819498399,187.4938819498399,0.0
1.24,190.9389584007754,190.9389584007754,190.9389584007754,190.9389584007754,190.9389584007754,0.0
1.26,191.5597830886511,191.5597830886511,191.5597830886511,191.5597830886511,191.5597830886511,0.0
1.28,189.68346820611524,189.68346820611524,189.68346820611524,189.68346820611524,189.68346820611524,0.0
1.3,185.95204183741515,185.95204183741515,185.95204183741515,185.95204183741515,185.95204183741515,0.0
1.32,181.224144847403,181.224144847403,181.224144847403,181.224144847403,181.224144847403,0.0
1.34,176.48189090214106,176.48189090214106,176.48189090214106,176.48189090214106,176.48189090214106,0.0
1.36,172.54356563029094,172.54356563029094,172.54356563029094,172.54356563029094,172.54356563029094,0.0
1.3800000000000001,170.07753882880672,170.07753882880672,170.07753882880672,170.07753882880672,170.07753882880672,0.0
1.4000000000000001,169.80825242105539,169.80825242105539,169.80825242105539,169.80825242105539,169.80825242105539,0.0
1.4200000000000002,172.07956346140608,172.07956346140608,172.07956346140608,172.07956346140608,172.07956346140608,0.0
1.44,176.80464452006936,176.80464452006936,176.80464452006936,176.80464452006936,176.80464452006936,0.0
1.46,183.52408553185245,183.52408553185245,183.52408553185245,183.52408553185245,183.52408553185245,0.0
1.48,191.68430016728857,191.68430016728857,191.68430016728857,191.68430016728857,191.68430016728857,0.0
1.5,200.33727530553574,200.33727530553574,200.33727530553574,200.33727530553574,200.33727530553574,0.0
1.52,208.9208404396011,208.9208404396011,208.9208404396011,208.9208404396011,208.9208404396011,0.0
1.54,216.67325006598077,216.67325006598077,216.67325006598077,216.67325006598077,216.67325006598077,0.0
1.56,223.09626796092883,223.09626796092883,223.09626796092883,223.09626796092883,223.09626796092883,0.0
1.58,227.804885557513,227.804885557513,227.804885557513,227.804885557513,227.804885557513,0.0
1.6,230.63703260663326,230.63703260663326,230.63703260663326,230.63703260663326,230.63703260663326,0.0
1.62,231.43186420903035,231.43186420903035,231.43186420903035,231.43186420903035,231.43186420903035,0.0
1.6400000000000001,230.12960644177798,230.12960644177798,230.12960644177798,230.12960644177798,230.12960644177798,0.0
1.6600000000000001,226.89886954265444,226.89886954265444,226.89886954265444,226.89886954265444,226.89886954265444,0.0
1.6800000000000002,221.89506974839168,221.89506974839168,221.89506974839168,221.89506974839168,221.89506974839168,0.0
1.7,215.27825085895836,215.27825085895836,215.27825085895836,215.27825085895836,215.27825085895836,0.0
1.72,207.3384248509941,207.3384248509941,207.3384248509941,207.3384248509941,207.3384248509941,0.0
1.74,198.39592025787974,198.39592025787974,198.39592025787974,198.39592025787974,198.39592025787974,0.0
1.76,188.7820178979962,188.7820178979962,188.7820178979962,188.7820178979962,188.7820178979962,0.0
1.78,178.82342322561027,178.82342322561027,178.82342322561027,178.82342322561027,178.82342322561027,0.0
1.8,168.8287348939416,168.8287348939416,168.8287348939416,168.8287348939416,168.8287348939416,0.0
1.82,159.1092223971578,159.1092223971578,159.1092223971578,159.1092223971578,159.1092223971578,0.0
1.84,150.03430620197915,150.03430620197915,150.03430620197915,150.03430620197915,150.03430620197915,0.0
1.86,141.87099759988715,141.87099759988715,141.87099759988715,141.87099759988715,141.87099759988715,0.0
1.8800000000000001,134.84881797192938,134.84881797192938,134.84881797192938,134.84881797192938,134.84881797192938,0.0
1.9000000000000001,129.22028208896836,129.22028208896836,129.22028208896836,129.22028208896836,129.22028208896836,0.0
1.9200000000000002,125.0423750939982,125.0423750939982,125.0423750939982,125.0423750939982,125.0423750939982,0.0
1.94,122.39125415214896,122.39125415214896,122.39125415214896,122.39125415214896,122.39125415214896,0.0
1.96,121.2159146771944,121.2159146771944,121.2159146771944,121.2159146771944,121.2159146771944,0.0
1.98,121.4207104749577,121.4207104749577,121.4207104749577,121.4207104749577,121.4207104749577,0.0
2.0,122.82248896521696,122.82248896521696,122.82248896521696,122.82248896521696,122.82248896521696,0.0
2.02,125.19950596393062,125.19950596393062,125.19950596393062,125.19950596393062,125.19950596393062,0.0
2.04,128.39204218111524,128.39204218111524,128.39204218111524,128.39204218111524,128.39204218111524,0.0
2.06,132.12337568995784,132.12337568995784,132.12337568995784,132.12337568995784,132.12337568995784,0.0
2.08,136.18880989559707,136.18880989559707,136.18880989559707,136.18880989559707,136.18880989559707,0.0
2.1,140.39240934937658,140.39240934937658,140.39240934937658,140.39240934937658,140.39240934937658,0.0
2.12,144.5918655187024,144.5918655187024,144.5918655187024,144.5918655187024,144.5918655187024,0.0
2.14,148.63623757312934,148.63623757312934,148.63623757312934,148.63623757312934,148.63623757312934,0.0
2.16,152.3572229585641,152.3572229585641,152.3572229585641,152.3572229585641,152.3572229585641,0.0
2.18,155.75614209739157,155.75614209739157,155.75614209739157,155.75614209739157,155.75614209739157,0.0
2.2,158.67444086268583,158.67444086268583,158.67444086268583,158.67444086268583,158.67444086268583,0.0
2.22,161.08312606860017,161.08312606860017,161.08312606860017,161.08312606860017,161.08312606860017,0.0
2.24,162.9951014085852,162.9951014085852,162.9951014085852,162.9951014085852,162.9951014085852,0.0
2.2600000000000002,164.34981785924614,164.34981785924614,164.34981785924614,164.34981785924614,164.34981785924614,0.0
2.2800000000000002,165.15164178768572,165.15164178768572,165.15164178768572,165.15164178768572,165.15164178768572,0.0
2.3000000000000003,165.41195968914664,165.41195968914664,165.41195968914664,165.41195968914664,165.41195968914664,0.0
2.3200000000000003,165.1490041990594,165.1490041990594,165.1490041990594,165.1490041990594,165.1490041990594,0.0
2.34,164.40694866758042,164.40694866758042,164.40694866758042,164.40694866758042,164.40694866758042,0.0
2.36,163.19605473272895,163.19605473272895,163.19605473272895,163.19605473272895,163.19605473272895,0.0
2.38,161.5266179268408,161.5266179268408,161.5266179268408,161.5266179268408,161.5266179268408,0.0
2.4,161.87968996166165,161.87968996166165,161.87968996166165,161.87968996166165,161.87968996166165,0.0
2.42,165.56036739851405,165.56036739851405,165.56036739851405,165.56036739851405,165.56036739851405,0.0
2.44,168.90089960995465,168.90089960995465,168.90089960995465,168.90089960995465,168.90089960995465,0.0
2.46,171.89086295097198,171.89086295097198,171.89086295097198,171.89086295097198,171.89086295097198,0.0
2.48,174.58282453198103,174.58282453198103,174.58282453198103,174.58282453198103,174.58282453198103,0.0
2.5,176.92610416614565,176.92610416614565,176.92610416614565,176.92610416614565,176.92610416614565,0.0
2.52,178.92806806364052,178.92806806364052,178.92806806364052,178.92806806364052,178.92806806364052,0.0
2.54,180.64616266185575,180.64616266185575,180.64616266185575,180.64616266185575,180.64616266185575,0.0
2.56,182.04260660518253,182.04260660518253,182.04260660518253,182.04260660518253,182.04260660518253,0.0
2.58,183.1183687293425,183.1183687293425,183.1183687293425,183.1183687293425,183.1183687293425,0.0
2.6,183.9323849809743,183.9323849809743,183.9323849809743,183.9323849809743,183.9323849809743,0.0
2.62,184.45791215434414,184.45791215434414,184.45791215434414,184.45791215434414,184.45791215434414,0.0
2.64,184.69468678620262,184.69468678620262,184.69468678620262,184.69468678620262,184.69468678620262,0.0
2.66,184.71723116112386,184.71723116112386,184.71723116112386,184.71723116112386,184.71723116112386,0.0
2.68,184.46152246269094,184.46152246269094,184.46152246269094,184.46152246269094,184.46152246269094,0.0
2.7,184.01338545182006,184.01338545182006,184.01338545182006,184.01338545182006,184.01338545182006,0.0
2.72,183.32457424425763,183.32457424425763,183.32457424425763,183.32457424425763,183.32457424425763,0.0
2.74,182.46855315804606,182.46855315804606,182.46855315804606,182.46855315804606,182.46855315804606,0.0
2.7600000000000002,181.39051840059153,181.39051840059153,181.39051840059153,181.39051840059153,181.39051840059153,0.0
2.7800000000000002,180.19832160974278,180.19832160974278,180.19832160974278,180.19832160974278,180.19832160974278,0.0
2.8000000000000003,178.8199176929387,178.8199176929387,178.8199176929387,178.8199176929387,178.8199176929387,0.0
2.8200000000000003,177.30813397136345,177.30813397136345,177.30813397136345,177.30813397136345,177.30813397136345,0.0
2.84,175.70066592568926,175.70066592568926,175.70066592568926,175.70066592568926,175.70066592568926,0.0
2.86,173.96538519516218,173.96538519516218,173.96538519516218,173.96538519516218,173.96538519516218,0.0
2.88,172.12996393596865,172.12996393596865,172.12996393596865,172.12996393596865,172.12996393596865,0.0
2.9,170.26178767309565,170.26178767309565,170.26178767309565,170.26178767309565,170.26178767309565,0.0
2.92,168.31743485955974,168.31743485955974,168.31743485955974,168.31743485955974,168.31743485955974,0.0
2.94,166.31399487810577,166.31399487810577,166.31399487810577,166.31399487810577,166.31399487810577,0.0
2.96,164.2675060911164,164.2675060911164,164.2675060911164,164.2675060911164,164.2675060911164,0.0
2.98,162.2366257063317,162.2366257063317,162.2366257063317,162.2366257063317,162.2366257063317,0.0
3.0,160.18976157111496,160.18976157111496,160.18976157111496,160.18976157111496,160.18976157111496,0.0
3.02,158.1372041786985,158.1372041786985,158.1372041786985,158.1372041786985,158.1372041786985,0.0
3.04,156.09085286001283,156.09085286001283,156.09085286001283,156.09085286001283,156.09085286001283,0.0
3.06,154.06154459853423,154.06154459853423,154.06154459853423,154.06154459853423,154.06154459853423,0.0
3.08,152.0590774628606,152.0590774628606,152.0590774628606,152.0590774628606,152.0590774628606,0.0
3.1,150.10281946157045,150.10281946157045,150.10281946157045,150.10281946157045,150.10281946157045,0.0
3.12,148.2007718719238,148.2007718719238,148.2007718719238,148.2007718719238,148.2007718719238,0.0
3.14,146.34609953114628,146.34609953114628,146.34609953114628,146.34609953114628,146.34609953114628,0.0
3.16,144.54501234488845,144.54501234488845,144.54501234488845,144.54501234488845,144.54501234488845,0.0
3.18,142.80287114210122,142.80287114210122,142.80287114210122,142.80287114210122,142.80287114210122,0.0
3.2,141.12423402990288,141.12423402990288,141.12423402990288,141.12423402990288,141.12423402990288,0.0
3.22,139.51290395997458,139.51290395997458,139.51290395997458,139.51290395997458,139.51290395997458,0.0
3.24,137.97197690122104,137.97197690122104,137.97197690122104,137.97197690122104,137.97197690122104,0.0
3.2600000000000002,136.503890095093,136.503890095093,136.503890095093,136.503890095093,136.503890095093,0.0
3.2800000000000002,135.11046994494905,135.11046994494905,135.11046994494905,135.11046994494905,135.11046994494905,0.0
3.3000000000000003,133.79297915926873,133.79297915926873,133.79297915926873,133.79297915926873,133.79297915926873,0.0
3.3200000000000003,132.55216283058,132.55216283058,132.55216283058,132.55216283058,132.55216283058,0.0
3.3400000000000003,131.38829318796593,131.38829318796593,131.38829318796593,131.38829318796593,131.38829318796593,0.0
3.36,130.30121281123277,130.30121281123277,130.30121281123277,130.30121281123277,130.30121281123277,0.0
3.38,129.29037613959616,129.29037613959616,129.29037613959616,129.29037613959616,129.29037613959616,0.0
3.4,128.3548891474411,128.3548891474411,128.3548891474411,128.3548891474411,128.3548891474411,0.0
3.42,127.49354709469313,127.49354709469313,127.49354709469313,127.49354709469313,127.49354709469313,0.0
3.44,126.70487028994626,126.70487028994626,126.70487028994626,126.70487028994626,126.70487028994626,0.0
3.46,125.98713783110314,125.98713783110314,125.98713783110314,125.98713783110314,125.98713783110314,0.0
3.48,125.33841931121731,125.33841931121731,125.33841931121731,125.33841931121731,125.33841931121731,0.0
3.5,124.75660449689488,124.75660449689488,124.75660449689488,124.75660449689488,124.75660449689488,0.0
3.52,124.23943100317653,124.23943100317653,124.23943100317653,124.23943100317653,124.23943100317653,0.0
3.54,123.78451000274848,123.78451000274848,123.78451000274848,123.78451000274848,123.78451000274848,0.0
3.56,123.3893500188338,123.3893500188338,123.3893500188338,123.3893500188338,123.3893500188338,0.0
3.58,123.05137886040302,123.05137886040302,123.05137886040302,123.05137886040302,123.05137886040302,0.0
3.6,122.76796376577414,122.76796376577414,122.76796376577414,122.76796376577414,122.76796376577414,0.0
3.62,122.53642982636391,122.53642982636391,122.53642982636391,122.53642982636391,122.53642982636391,0.0
3.64,122.35407676660053,122.35407676660053,122.35407676660053,122.35407676660053,122.35407676660053,0.0
3.66,122.21819415891443,122.21819415891443,122.21819415891443,122.21819415891443,122.21819415891443,0.0
3.68,122.12607515457793,122.12607515457793,122.12607515457793,122.12607515457793,122.12607515457793,0.0
3.7,122.07502881195474,122.07502881195474,122.07502881195474,122.07502881195474,122.07502881195474,0.0
3.72,122.06239110379254,122.06239110379254,122.06239110379254,122.06239110379254,122.06239110379254,0.0
3.74,122.08553468448548,122.08553468448548,122.08553468448548,122.08553468448548,122.08553468448548,0.0
3.7600000000000002,122.14187749696956,122.14187749696956,122.14187749696956,122.14187749696956,122.14187749696956,0.0
3.7800000000000002,122.22889029717639,122.22889029717639,122.22889029717639,122.22889029717639,122.22889029717639,0.0
3.8000000000000003,122.34410317184049,122.34410317184049,122.34410317184049,122.34410317184049,122.34410317184049,0.0
3.8200000000000003,122.48511112296735,122.48511112296735,122.48511112296735,122.48511112296735,122.48511112296735,0.0
3.8400000000000003,122.64957878959278,122.64957878959278,122.64957878959278,122.64957878959278,122.64957878959278,0.0
3.86,122.83524437457565,122.83524437457565,122.83524437457565,122.83524437457565,122.83524437457565,0.0
3.88,123.0399228411351,123.0399228411351,123.0399228411351,123.0399228411351,123.0399228411351,0.0
3.9,123.26150844074809,123.26150844074809,123.26150844074809,123.26150844074809,123.26150844074809,0.0
3.92,123.49797663086852,123.49797663086852,123.49797663086852,123.49797663086852,123.49797663086852,0.0
3.94,123.74738543777148,123.74738543777148,123.74738543777148,123.74738543777148,123.74738543777148,0.0
3.96,124.00787631666692,124.00787631666692,124.00787631666692,124.00787631666692,124.00787631666692,0.0
3.98,124.2776745581276,124.2776745581276,124.2776745581276,124.2776745581276,124.2776745581276,0.0
4.0,124.55508928682391,124.55508928682391,124.55508928682391,124.55508928682391,124.55508928682391,0.0
4.02,124.83851309558315,124.83851309558315,124.83851309558315,124.83851309558315,124.83851309558315,0.0
4.04,125.12642135490236,125.12642135490236,125.12642135490236,125.12642135490236,125.12642135490236,0.0
4.06,125.41737123526562,125.41737123526562,125.41737123526562,125.41737123526562,125.41737123526562,0.0
4.08,125.71000047692431,125.71000047692431,125.71000047692431,125.71000047692431,125.71000047692431,0.0
4.1,126.00302593924263,126.00302593924263,126.00302593924263,126.00302593924263,126.00302593924263,0.0
4.119999999999999,126.29524195924685,126.29524195924685,126.29524195924685,126.29524195924685,126.29524195924685,0.0
4.14,126.58551854668981,126.58551854668981,126.58551854668981,126.58551854668981,126.58551854668981,0.0
4.159999999999999,126.87279944072522,126.87279944072522,126.87279944072522,126.87279944072522,126.87279944072522,0.0
4.18,127.15610005119147,127.15610005119147,127.15610005119147,127.15610005119147,127.15610005119147,0.0
4.199999999999999,127.43450530552218,127.43450530552218,127.43450530552218,127.43450530552218,127.43450530552218,0.0
4.22,127.70716742044473,127.70716742044473,127.70716742044473,127.70716742044473,127.70716742044473,0.0
4.239999999999999,127.9733036158705,127.9733036158705,127.9733036158705,127.9733036158705,127.9733036158705,0.0
4.26,128.2321937867606,128.2321937867606,128.2321937867606,128.2321937867606,128.2321937867606,0.0
4.279999999999999,128.48317814718396,128.48317814718396,128.48317814718396,128.48317814718396,128.48317814718396,0.0
4.3,128.7256548594068,128.7256548594068,128.7256548594068,128.7256548594068,128.7256548594068,0.0
4.319999999999999,128.95907765946453,128.95907765946453,128.95907765946453,128.95907765946453,128.95907765946453,0.0
4.34,129.18295348948126,129.18295348948126,129.18295348948126,129.18295348948126,129.18295348948126,0.0
4.359999999999999,129.39684014582727,129.39684014582727,129.39684014582727,129.39684014582727,129.39684014582727,0.0
4.38,129.60034395115605,129.60034395115605,129.60034395115605,129.60034395115605,129.60034395115605,0.0
4.3999999999999995,129.7931174573921,129.7931174573921,129.7931174573921,129.7931174573921,129.7931174573921,0.0
4.42,129.97485718581243,129.97485718581243,129.97485718581243,129.97485718581243,129.97485718581243,0.0
4.4399999999999995,130.145301409571,130.145301409571,130.145301409571,130.145301409571,130.145301409571,0.0
4.46,130.3057797345535,130.3057797345535,130.3057797345535,130.3057797345535,130.3057797345535,0.0
4.4799999999999995,130.46081220182816,130.46081220182816,130.46081220182816,130.46081220182816,130.46081220182816,0.0
4.5,130.60403346333382,130.60403346333382,130.60403346333382,130.60403346333382,130.60403346333382,0.0
4.52,130.7353177925497,130.7353177925497,130.7353177925497,130.7353177925497,130.7353177925497,0.0
4.54,130.8545712842268,130.8545712842268,130.8545712842268,130.8545712842268,130.8545712842268,0.0
4.56,130.961729966334,130.961729966334,130.961729966334,130.961729966334,130.961729966334,0.0
4.58,131.05675797238365,131.05675797238365,131.05675797238365,131.05675797238365,131.05675797238365,0.0
4.6,131.13964577519852,131.13964577519852,131.13964577519852,131.13964577519852,131.13964577519852,0.0
4.62,131.21040848269928,131.21040848269928,131.21040848269928,131.21040848269928,131.21040848269928,0.0
4.64,131.269084196061,131.269084196061,131.269084196061,131.269084196061,131.269084196061,0.0
4.659999999999999,131.31573243028873,131.31573243028873,131.31573243028873,131.31573243028873,131.31573243028873,0.0
4.68,131.35043259692023,131.35043259692023,131.35043259692023,131.35043259692023,131.35043259692023,0.0
4.699999999999999,131.3732825485059,131.3732825485059,131.3732825485059,131.3732825485059,131.3732825485059,0.0
4.72,131.3843971841161,131.3843971841161,131.3843971841161,131.3843971841161,131.3843971841161,0.0
4.739999999999999,131.3839071151437,131.3839071151437,131.3839071151437,131.3839071151437,131.3839071151437,0.0
4.76,131.37195739038023,131.37195739038023,131.37195739038023,131.37195739038023,131.37195739038023,0.0
4.779999999999999,131.34870627928402,131.34870627928402,131.34870627928402,131.34870627928402,131.34870627928402,0.0
4.8,131.3143241122105,131.3143241122105,131.3143241122105,131.3143241122105,131.3143241122105,0.0
4.819999999999999,131.26899217634593,131.26899217634593,131.26899217634593,131.26899217634593,131.26899217634593,0.0
4.84,131.21290166589938,131.21290166589938,131.21290166589938,131.21290166589938,131.21290166589938,0.0
4.859999999999999,131.14625268515388,131.14625268515388,131.14625268515388,131.14625268515388,131.14625268515388,0.0
4.88,131.0692533028437,131.0692533028437,131.0692533028437,131.0692533028437,131.0692533028437,0.0
4.8999999999999995,130.9821186563686,130.9821186563686,130.9821186563686,130.9821186563686,130.9821186563686,0.0
4.92,130.88507010422163,130.88507010422163,130.88507010422163,130.88507010422163,130.88507010422163,0.0
4.9399999999999995,130.77833442507233,130.77833442507233,130.77833442507233,130.77833442507233,130.77833442507233,0.0
4.96,130.66214306193217,130.66214306193217,130.66214306193217,130.66214306193217,130.66214306193217,0.0
4.9799999999999995,130.54053043381072,130.54053043381072,130.54053043381072,130.54053043381072,130.54053043381072,0.0
5.0,130.41292521163405,130.41292521163405,130.41292521163405,130.41292521163405,130.41292521163405,0.0
5.02,130.2764769545389,130.2764769545389,130.2764769545389,130.2764769545389,130.2764769545389,0.0
5.04,130.13142734361443,130.13142734361443,130.13142734361443,130.13142734361443,130.13142734361443,0.0
5.06,129.9780197640821,129.9780197640821,129.9780197640821,129.9780197640821,129.9780197640821,0.0
5.08,129.81649877785955,129.81649877785955,129.81649877785955,129.81649877785955,129.81649877785955,0.0
5.1,129.6471096303917,129.6471096303917,129.6471096303917,129.6471096303917,129.6471096303917,0.0
5.12,129.4700977903006,129.4700977903006,129.4700977903006,129.4700977903006,129.4700977903006,0.0
5.14,129.28570852044197,129.28570852044197,129.28570852044197,129.28570852044197,129.28570852044197,0.0
5.159999999999999,129.09418647890652,129.09418647890652,129.09418647890652,129.09418647890652,129.09418647890652,0.0
5.18,128.89577534865828,128.89577534865828,128.89577534865828,128.89577534865828,128.89577534865828,0.0
5.199999999999999,128.69071749445393,128.69071749445393,128.69071749445393,128.69071749445393,128.69071749445393,0.0
5.22,128.4792536457343,128.4792536457343,128.4792536457343,128.4792536457343,128.4792536457343,0.0
5.239999999999999,128.26162260425363,128.26162260425363,128.26162260425363,128.26162260425363,128.26162260425363,0.0
5.26,128.03806097523332,128.03806097523332,128.03806097523332,128.03806097523332,128.03806097523332,0.0
5.279999999999999,127.80880292082229,127.80880292082229,127.80880292082229,127.80880292082229,127.80880292082229,0.0
5.3,127.57407993476747,127.57407993476747,127.57407993476747,127.57407993476747,127.57407993476747,0.0
5.319999999999999,127.33412063715511,127.33412063715511,127.33412063715511,127.33412063715511,127.33412063715511,0.0
5.34,127.08915058820956,127.08915058820956,127.08915058820956,127.08915058820956,127.08915058820956,0.0
5.359999999999999,126.83939212004455,126.83939212004455,126.83939212004455,126.83939212004455,126.83939212004455,0.0
5.38,126.58506418549028,126.58506418549028,126.58506418549028,126.58506418549028,126.58506418549028,0.0
5.3999999999999995,126.32638222293414,126.32638222293414,126.32638222293414,126.32638222293414,126.32638222293414,0.0
5.42,126.0635580363647,126.0635580363647,126.0635580363647,126.0635580363647,126.0635580363647,0.0
5.4399999999999995,125.79679968967798,125.79679968967798,125.79679968967798,125.79679968967798,125.79679968967798,0.0
5.46,125.5263114144365,125.5263114144365,125.5263114144365,125.5263114144365,125.5263114144365,0.0
5.4799999999999995,125.25229353029016,125.25229353029016,125.25229353029016,125.25229353029016,125.25229353029016,0.0
5.5,124.97494237724817,124.97494237724817,124.97494237724817,124.97494237724817,124.97494237724817,0.0
5.52,124.69445025912135,124.69445025912135,124.69445025912135,124.69445025912135,124.69445025912135,0.0
5.54,124.41100539740775,124.41100539740775,124.41100539740775,124.41100539740775,124.41100539740775,0.0
5.56,124.12479189493993,124.12479189493993,124.12479189493993,124.12479189493993,124.12479189493993,0.0
5.58,123.83598970867376,123.83598970867376,123.83598970867376,123.83598970867376,123.83598970867376,0.0
5.6,123.54477463101443,123.54477463101443,123.54477463101443,123.54477463101443,123.54477463101443,0.0
5.62,123.25131827908311,123.25131827908311,123.25131827908311,123.25131827908311,123.25131827908311,0.0
5.64,122.9557880913759,122.9557880913759,122.9557880913759,122.9557880913759,122.9557880913759,0.0
5.659999999999999,122.65834733130725,122.65834733130725,122.65834733130725,122.65834733130725,122.65834733130725,0.0
5.68,122.3591550971248,122.3591550971248,122.3591550971248,122.3591550971248,122.3591550971248,0.0
5.699999999999999,122.05836633770284,122.05836633770284,122.05836633770284,122.05836633770284,122.05836633770284,0.0
5.72,121.75613187383466,121.75613187383466,121.75613187383466,121.75613187383466,121.75613187383466,0.0
5.739999999999999,121.4525984244884,121.4525984244884,121.4525984244884,121.4525984244884,121.4525984244884,0.0
5.76,121.14790863774812,121.14790863774812,121.14790863774812,121.14790863774812,121.14790863774812,0.0
5.779999999999999,120.84220112594075,120.84220112594075,120.84220112594075,120.84220112594075,120.84220112594075,0.0
5.8,120.53561050468952,120.53561050468952,120.53561050468952,120.53561050468952,120.53561050468952,0.0
5.819999999999999,120.22826743546325,120.22826743546325,120.22826743546325,120.22826743546325,120.22826743546325,0.0
5.84,119.9202986713722,119.9202986713722,119.9202986713722,119.9202986713722,119.9202986713722,0.0
5.859999999999999,119.61182710586301,119.61182710586301,119.61182710586301,119.61182710586301,119.61182710586301,0.0
5.88,119.30297182403982,119.30297182403982,119.30297182403982,119.30297182403982,119.30297182403982,0.0
5.8999999999999995,118.99384815633155,118.99384815633155,118.99384815633155,118.99384815633155,118.99384815633155,0.0
5.92,118.68456773427431,118.68456773427431,118.68456773427431,118.68456773427431,118.68456773427431,0.0
5.9399999999999995,118.37569463331553,118.37569463331553,118.37569463331553,118.37569463331553,118.37569463331553,0.0
5.96,118.06856585303723,118.06856585303723,118.06856585303723,118.06856585303723,118.06856585303723,0.0
5.9799999999999995,117.76152047017382,117.76152047017382,117.76152047017382,117.76152047017382,117.76152047017382,0.0
6.0,117.45465733867604,117.45465733867604,117.45465733867604,117.45465733867604,117.45465733867604,0.0
