T,16%,50%,84%,Mean,Std
0.01,0.0007187941026029185,0.0011509257215599517,0.0021798083923106545,0.0013222284166125862,0.0006614749923265108
0.02,0.0014624160981729706,0.002327635568929303,0.004448078810868699,0.0027707146032033446,0.001472332591748606
0.03,0.002275648332758541,0.0038508596504609064,0.00687130305044706,0.00443784603201356,0.002482999617321597
0.04,0.003147046184713663,0.005624007885972847,0.00997681881196526,0.006294714894288051,0.003591756996784304
0.05,0.004050137407284652,0.007392795281889044,0.012252823642464635,0.008039117675448194,0.004417369826765097
0.060000000000000005,0.004918000232682023,0.008769643938532528,0.015734987003557594,0.010299494730423055,0.005978129475897031
0.06999999999999999,0.005975359131564283,0.010598569209124727,0.019377125549177126,0.012993041955583732,0.008259494483099218
0.08,0.007893433363953515,0.012289078485462929,0.02281091431800038,0.015531865423077268,0.010211784987165073
0.09,0.009002976319962636,0.015830016097192215,0.026096112702664997,0.01846839595356556,0.011950000108994288
0.09999999999999999,0.010860777873355421,0.019909819247928583,0.031302811691880955,0.022028023222418494,0.0143287218013802
0.11,0.01242320492997565,0.023696767255507612,0.03753314988521209,0.02636037259445133,0.017462188499911758
0.12,0.01428656272549999,0.027151019389026632,0.04162304830589717,0.03118088897553434,0.020759571515522643
0.13,0.016729716622064166,0.029727378447331372,0.049081213504571126,0.035263438648877696,0.02325757169849925
0.14,0.019817553113352475,0.03256842176789007,0.053074265758246406,0.03855813781661939,0.025204966614434957
0.15000000000000002,0.021955020019905503,0.03718433173880214,0.05701394292837781,0.04245939511714475,0.02819577289239534
0.16,0.021339899301247068,0.03728106084176018,0.06050304215357057,0.045908489376416624,0.03112994442361476
0.17,0.023018130087123417,0.040088567779761664,0.06871602791528768,0.050483375071290346,0.03408108645218269
0.18000000000000002,0.02686082197126179,0.044061184299306326,0.08660147466777832,0.054848146238759804,0.035586811637881965
0.19,0.025776222438328417,0.04365386489556172,0.09043640224918437,0.057517103178494164,0.0384353490448849
0.2,0.030310740267568425,0.04698231536002017,0.09403154509840071,0.061108006079020345,0.04041155783834443
0.21000000000000002,0.03254074271822644,0.04662781558960637,0.10129774184922485,0.06429862983085911,0.041318716932070954
0.22,0.034504244034218284,0.05142482620546573,0.10144214244206973,0.06794628391290226,0.042519157140821946
0.23,0.03537178612531726,0.053814797878015304,0.11001235080274172,0.07066936721495708,0.04378172117028808
0.24000000000000002,0.03446149830832625,0.053460040414087626,0.11758259531865801,0.07304216784689109,0.04583898263937596
0.25,0.036443910888373954,0.05439239981062804,0.1310422127063033,0.07729881358357213,0.048104317119436385
0.26,0.04096990118825854,0.06220190442563619,0.1355346063662613,0.08063487935487795,0.0469474312194251
0.27,0.042782823041590035,0.06416249573303828,0.1389786541121684,0.08118980522780567,0.04459745873419687
0.28,0.04305811841814473,0.07019911592278615,0.1431897374672888,0.0837142713906951,0.04471678437018766
0.29000000000000004,0.04165298605951819,0.07321040839118048,0.13985756414803255,0.08574846229418899,0.04494334972200201
0.3,0.046859891498871896,0.07489466353932867,0.13884921679964368,0.08862886198117438,0.0462064488997692
0.31,0.04731609832117499,0.07959651188542335,0.139938550066091,0.09109539166920312,0.048279942921721115
0.32,0.04899091831934513,0.0796873545003571,0.14564669244360937,0.09412129408020405,0.049836398132989033
0.33,0.051220285985103475,0.08407503234819494,0.1541486970036466,0.0968342388437168,0.05099107500240866
0.34,0.05109266784208335,0.08803047466573993,0.1605514087801598,0.09989198830167716,0.05317943466248606
0.35000000000000003,0.04906575968893756,0.09092427079354834,0.15474594575777853,0.10262891668513908,0.05562294982981481
0.36000000000000004,0.04664746251176051,0.0948503187658799,0.15873574476189076,0.10537066380566679,0.05838640508202384
0.37,0.04775123687233393,0.09559057642614416,0.16808489438934412,0.10787721778209733,0.059358092789776405
0.38,0.05067260931479433,0.09679269609567501,0.16931702344404082,0.11005472238106714,0.05945134876950706
0.39,0.055111929233100806,0.0929028952207066,0.17771002892965942,0.11303487096665538,0.06295338153205189
0.4,0.05469339291099319,0.08907190900815151,0.17896499933104518,0.11740626608526215,0.0690281666378134
0.41000000000000003,0.05690526720555542,0.08966365895687077,0.18171830786554893,0.12070823396586933,0.07571546922351131
0.42000000000000004,0.057259112921783935,0.09611977308782926,0.18425453192261507,0.12407561173754283,0.0813461963728739
0.43,0.055940834162112416,0.101016553028649,0.18906845490996507,0.12735000424821277,0.08476211659219378
0.44,0.062498600120686226,0.10816895607117168,0.1930545468301638,0.13130167072498014,0.08584891069388009
0.45,0.06501586245742007,0.11259453983287959,0.19774382311025446,0.13568188399690026,0.08878400915265613
0.46,0.060685414802214815,0.11518465336009667,0.19798104037066952,0.13848248092149412,0.09062747383698369
0.47000000000000003,0.06257631212326688,0.11479584717280479,0.1940836000546727,0.14098037026449603,0.09163323330470541
0.48000000000000004,0.06825108281724337,0.11770884857621958,0.20064591820628863,0.1420878089073478,0.09180981683933022
0.49,0.07086875989530168,0.11752029446673752,0.2030680044110741,0.1433372129657209,0.09145165264576123
0.5,0.07179266869194191,0.1193071070965667,0.2043210401717786,0.14481707785532263,0.0895353818054285
0.51,0.0712637363815449,0.12005177351518505,0.20903654449553918,0.1448952851799889,0.08602969370642304
0.52,0.0697083123825493,0.11954027272630853,0.20747183185783982,0.1438095852747753,0.08169416098989328
0.53,0.06789429861722737,0.12234268656084432,0.20942310061172958,0.14384249695851262,0.07912216828315015
0.54,0.06569759891569756,0.12279133333906839,0.2156756779442849,0.14355477601922922,0.07727236566965824
0.55,0.06375607298239738,0.12546477374863468,0.22299912450562973,0.14334857353488845,0.07595432933849444
0.56,0.06433876816374247,0.12605293162752304,0.21664932600456827,0.14276394975453852,0.07575869098613547
0.5700000000000001,0.0641238942196015,0.12630478689698216,0.21021993628546307,0.1415070607675376,0.07630478687386123
0.5800000000000001,0.06462613740121502,0.12758204570093096,0.20227691020417082,0.14017984200445383,0.07764464913236019
0.59,0.06577595545759032,0.1235068569124739,0.19357432044464246,0.13926288697985775,0.07843189606850205
0.6,0.06674889614551989,0.1225087873194966,0.19413464736236513,0.13901168300868297,0.07878429006105263
0.61,0.06367411002917556,0.1229498333236423,0.20707806567351422,0.14003566052662697,0.08027555011814942
0.62,0.0611509167909424,0.12516323473552526,0.21196237415700395,0.14127425713650532,0.0826062670239637
0.63,0.06042673818090013,0.12681099051260836,0.21055146723625157,0.14271038815856654,0.0837269483345263
0.64,0.059933129741231696,0.128270993704385,0.2276195033281939,0.14473853869982012,0.08596475190779164
0.65,0.06166087200007087,0.13077632353446883,0.2299416183525949,0.1460632344669308,0.08697212980521758
0.66,0.06410977526233487,0.137235293042552,0.22630022226095609,0.14701291001807812,0.08712189347293732
0.67,0.06349828873791949,0.1354634120583842,0.22394547812587726,0.14804496136709924,0.08858559009942772
0.68,0.06219375291302298,0.13182626914286905,0.21707238075239058,0.14828510129120123,0.08873676245145116
0.6900000000000001,0.06231741154274045,0.12687094329319987,0.21408326181225062,0.14729854156644884,0.08762992144581708
0.7000000000000001,0.0640808762649614,0.12451494979248287,0.2134870656571847,0.14606716862341848,0.08483496166524818
0.7100000000000001,0.06447709854656139,0.12758379633665515,0.21387218697302826,0.14468291047356396,0.08149501939843386
0.72,0.0658300659637224,0.13154774156683935,0.21342868329663,0.1428603924136351,0.0782331200444944
0.73,0.06782456406788603,0.13232714605385726,0.20485135320868453,0.1409537310327664,0.07465631806582694
0.74,0.07015855605136213,0.13098165274437068,0.20215772742524787,0.13887115947718798,0.07075517195688683
0.75,0.07050021465168287,0.1281787043229802,0.20464717866185417,0.13709190855941272,0.06694689330371781
0.76,0.07022353578246676,0.12866821228840808,0.19540268714616335,0.1353068257300529,0.06406758437433685
0.77,0.06930306435196705,0.12985748912887293,0.19060099429700336,0.13391763010955227,0.062465428204081686
0.78,0.07054073921350398,0.1345002880983227,0.19178703568986383,0.13312231251870144,0.06130011414600943
0.79,0.07380904780017858,0.13366047806488635,0.19536128168186273,0.13300400468368864,0.060354409741704834
0.8,0.07594504646731,0.13317257260777646,0.19868645798634807,0.13312320274511433,0.05966454651341699
0.81,0.07614556919794707,0.1304356912241575,0.1984022718925691,0.13353775121120035,0.059016774908268864
0.8200000000000001,0.07568647863683196,0.12951151905271396,0.19317722455418534,0.1339396195083386,0.05849289597459998
0.8300000000000001,0.07320740282511384,0.12728254908006398,0.18958991416293955,0.13430513046361234,0.05816160397480584
0.8400000000000001,0.07123326314627368,0.12534756363468225,0.19543862377536247,0.13459981635573695,0.057980251267454826
0.85,0.0701318986500888,0.12524758933085267,0.19957817080030288,0.13457142146230233,0.05783463468539503
0.86,0.06992471473545973,0.1252050938452621,0.20236467953881992,0.13448593468238176,0.05766756149641759
0.87,0.0715200000559222,0.12506639383691473,0.20322776227375497,0.13390829759049228,0.05726653460181056
0.88,0.07402341029146248,0.12292887322341198,0.20248412831833823,0.13324367841852178,0.05659813922800107
0.89,0.07572354964460053,0.12035495312623176,0.19911760842884207,0.1323328068622223,0.05597488803665748
0.9,0.07497157873306788,0.12124964174392688,0.1940671720450028,0.1315265321500401,0.05532683918674598
0.91,0.07287299150040821,0.11919559449480227,0.19553466732867322,0.1308493831090128,0.05460406081927116
0.92,0.07416661577991351,0.11919744270697918,0.1957981490157664,0.13011483807761662,0.05356416714232213
0.93,0.07657622983267444,0.12294748468149297,0.1884069697026504,0.12923978293358232,0.05249973293732155
0.9400000000000001,0.07868873861051794,0.12481240102502268,0.18271180039400978,0.1282338251549668,0.05146854982373584
0.9500000000000001,0.07593124636471062,0.12119431686335733,0.1769836706866764,0.1271318511652674,0.050350389156096874
0.9600000000000001,0.07830532233582739,0.11670611137160944,0.17310213352278497,0.12591682989880315,0.049097383770912495
0.97,0.07818788919985005,0.11667820433975706,0.17261277042202225,0.12490151086379996,0.047530746834017104
0.98,0.07873565799163605,0.11740200028445483,0.16691681852400986,0.12402938182619719,0.045743227862402765
0.99,0.07945795822477561,0.11915442168393273,0.16620015160016685,0.12360948417128403,0.04430237408336921
1.0,0.0797526645307553,0.12106856526145779,0.16712172984472268,0.12318943126014395,0.04312216976742271
1.01,0.07987085550525092,0.12102394238305111,0.1681697214997382,0.12266373991037977,0.04200559491648719
1.02,0.07991767552068448,0.11836913163895077,0.16816184573499834,0.12199179904566343,0.040921179766442176
1.03,0.07978256186479266,0.11639361074283117,0.16113744434974436,0.121275137549646,0.03986448714765647
1.04,0.07838382142910136,0.11553005381572146,0.15961078713888024,0.12093469485667731,0.03896357091870827
1.05,0.07899182090384844,0.11692651754889559,0.1585043374403473,0.12063270609027323,0.038015414385129925
1.06,0.07934325639941207,0.11615345432496688,0.15735346695546254,0.12037573363908231,0.036915846744101914
1.07,0.08094878890080771,0.11519666289711541,0.15563398190108094,0.12049060225200305,0.03610345105787154
1.08,0.08291037727209541,0.11429827701628076,0.15624502064505616,0.12052243603851198,0.03525091764653988
1.09,0.08536407786878142,0.11637812377520099,0.15560049079019814,0.12046583243106933,0.03427723717135592
1.1,0.08825494194776143,0.1180028225075581,0.15385836212622628,0.12037817582857127,0.03327539784059567
1.11,0.09119552283701328,0.12231869287206434,0.1494373231939285,0.12025264389347047,0.03228956261046888
1.12,0.09116621451973525,0.1230923590416797,0.1491144815774798,0.1203655939432574,0.03113984930014922
1.1300000000000001,0.09045900177202923,0.12386028757335586,0.14654695331997508,0.12047468173403258,0.03028022064793429
1.1400000000000001,0.0902923017452426,0.12348780944205057,0.14404907556770868,0.12061676708553555,0.02939537076696579
1.1500000000000001,0.090754724663331,0.12298496811138615,0.14555106633923887,0.1209551707326069,0.028605185319876332
1.1600000000000001,0.09139594979703401,0.12330477979368135,0.14545125419954164,0.12119429749303605,0.02797070040193352
1.17,0.09339795187397423,0.12363481732972895,0.14577388632926713,0.12158296103196467,0.027282313776679914
1.18,0.09498764534729293,0.12479285335410256,0.14644205396409185,0.12188020995800972,0.026684266752460568
1.19,0.09692827213190194,0.12375624826299114,0.14498909601775392,0.1223861082590557,0.02591838165265312
1.2,0.09866806177890085,0.12397884982289893,0.14478165333571896,0.12291714784560184,0.02506990741979882
1.21,0.10058873047600576,0.1249196509662299,0.14430619335066686,0.12318949686530875,0.024288336170076377
1.22,0.102960089051047,0.1250327527726811,0.14358674114807085,0.12321873255265046,0.023547782427840766
1.23,0.10314937644770233,0.12295243098233524,0.1427414389135051,0.12297708129987499,0.02280035038514479
1.24,0.1025867776491765,0.1210586162613779,0.14170097147232272,0.12259682918581404,0.02205612793889541
1.25,0.10067032050342488,0.11980353578036684,0.14036578743351008,0.12213764202198858,0.021270667824494844
1.26,0.10233088649344918,0.11806837412049659,0.1387084336024163,0.12164235309056298,0.02047210219675884
1.27,0.10230545197465488,0.11820076155804995,0.13692634774341747,0.12120823694745368,0.01949496101141771
1.28,0.10304164400867705,0.1181677765331634,0.135511126024433,0.12079606696216495,0.018514358051393495
1.29,0.10568525079259941,0.11843366384384141,0.13514511154439818,0.12059384681833175,0.017419378292533923
1.3,0.10380756091772328,0.11937741710480329,0.13482207745248026,0.12037651217310912,0.01626122230545924
1.31,0.10284993669229847,0.11892599353948116,0.13433432797332007,0.12007957400809009,0.015186456440747714
1.32,0.10407384246675433,0.11948888894887263,0.1334915723678427,0.11982863375810447,0.013950699134452795
1.33,0.10655659587444195,0.11995355793670304,0.1322990458211685,0.11956548107980565,0.012693858247479596
1.34,0.10914748840186128,0.11992296118595666,0.12978788819997492,0.11942030904715378,0.011136101959901962
1.35,0.11132408560382562,0.12028632914495391,0.12722933921931875,0.11931611005916375,0.009435551877962042
1.36,0.11304115619221206,0.1201798249656035,0.12552385724817175,0.11925866863100974,0.007569109136760825
1.37,0.11411518471180171,0.1197665979552238,0.12414690192174863,0.11930718683404251,0.005600211963933331
1.3800000000000001,0.11573759822458302,0.11970206250968016,0.12260614252286871,0.11931764837015026,0.0036603994968347473
1.3900000000000001,0.11760974873577833,0.1195355525900767,0.12081325788627266,0.11927327461127697,0.0018483081868898412
1.4000000000000001,0.11936614365694423,0.11936614365694426,0.1193661436569443,0.11936614365694428,4.447983033361175e-17
1.4100000000000001,0.11790039506777422,0.11928209516767291,0.1210003368759861,0.11957559891122917,0.0017963629582039827
1.42,0.11635782881495238,0.11934193956893722,0.1234450834340125,0.11977021468812948,0.003534963489347366
1.43,0.11480460208545852,0.11956617533182587,0.12434254264029415,0.11986567090205949,0.005246936123352145
1.44,0.11335961361751723,0.11958418308439327,0.12523306234140597,0.11982195812171992,0.006885441766427074
1.45,0.11126307684246614,0.11911124095270643,0.1256803557449598,0.11965920039895331,0.008485463533433615
1.46,0.10900175085530468,0.1182415545079249,0.1265344424279479,0.11943858693853883,0.010043812510439239
1.47,0.10720336099877377,0.11794529899186246,0.1276441617770857,0.11917289439749396,0.01157246578821889
1.48,0.10530266752132654,0.11773531604797807,0.1290462093766829,0.11887094304522612,0.013141190390026002
1.49,0.10322412907699813,0.11730296399322102,0.1341817280108246,0.11869998235991287,0.014909010105856779
1.5,0.10107712800193032,0.11661386912167475,0.13570188005562744,0.11865593462805434,0.016678754595854352
1.51,0.098844582417457,0.11607828238100085,0.1393952223422094,0.11860201196761701,0.018459425917701305
1.52,0.09686327654256137,0.11493922080918288,0.1411157086483202,0.11848734010947451,0.020291346333763376
1.53,0.09610100038199747,0.1147188452773455,0.1425219735565594,0.11828261245574857,0.02209483071018767
1.54,0.0935511147230211,0.11464316138087571,0.14421803636427097,0.11801406677816505,0.02372935911158922
1.55,0.09105624893997447,0.11423667788338485,0.14417224307003035,0.11760021624436195,0.025253191723868612
1.56,0.08928063877033864,0.11341954019340175,0.14328764825221105,0.11720001608410834,0.0268687826442572
1.57,0.0876162413228007,0.11238969905231228,0.14226339721107253,0.11678310471168586,0.02834347247949164
1.58,0.0866127384791748,0.11107306221665285,0.14231845563509904,0.11630601920557947,0.02970802280616987
1.59,0.08544265799551656,0.10955063240475521,0.14245069139297842,0.11574413704364664,0.030952601944499173
1.6,0.08388902753824538,0.10820496242988993,0.14223960577627198,0.1151985484006802,0.03187600324712763
1.61,0.08255348416066202,0.10792910315295018,0.1417344373756649,0.11470853893235891,0.03256062460467305
1.62,0.08025670849707196,0.10657965828964025,0.14094730186629637,0.11418230662860288,0.03310262788522032
1.6300000000000001,0.07862965069217702,0.10579991036782554,0.14010060596889112,0.11388771207396943,0.033688152671640804
1.6400000000000001,0.07662685994979615,0.10537604212688162,0.14115442754649518,0.11356755335168454,0.0341690756416975
1.6500000000000001,0.07563585094505618,0.10557008065084356,0.14009645438814128,0.11315634651502406,0.03451649402542003
1.6600000000000001,0.07523053513146372,0.10592013886210441,0.13892877779495907,0.11265742807573322,0.034732111431932985
1.6700000000000002,0.07426866784346405,0.10584069522875986,0.1377730254978751,0.11213828900058816,0.034795193257644436
1.68,0.07353698396121446,0.10552524859842627,0.13873024497157926,0.11164171574122893,0.03476847853476595
1.69,0.07368029014612996,0.1054016532617148,0.13984511404961117,0.1111439847408338,0.0346640520122616
1.7,0.07496241744579635,0.10584380626396539,0.14112928763713098,0.11072736861020714,0.03448138422070425
1.71,0.07472069012318877,0.10646285957165069,0.14248487525030207,0.11039670420477027,0.03458365231696051
1.72,0.07465428372964757,0.10708652285758047,0.14348850714809352,0.11001672110135634,0.03469569504061467
1.73,0.07495244628410813,0.10744188793312265,0.14423497712782551,0.1095780640022169,0.03481749122613416
1.74,0.07526525169130373,0.1065586698063915,0.1450392003533984,0.10909069484774117,0.03496768433357449
1.75,0.0750120153319041,0.10516491176946399,0.1442928054442643,0.10858631338402079,0.03506659749639664
1.76,0.07506692852358754,0.10419296745095355,0.1428289810727951,0.10815434386598866,0.03519137864705866
1.77,0.07509839529435262,0.10262160921212048,0.1436991155719796,0.10784889829506622,0.035458863777646614
1.78,0.07494851527624194,0.10170677415541107,0.1444781979283677,0.1076124889495485,0.03579497711134547
1.79,0.07374248572554595,0.1009722722061601,0.14829836495178264,0.10734211119197345,0.03616840868403355
1.8,0.07249534953152444,0.10022237129424931,0.1538261866219825,0.10713691481420487,0.036685872730237004
1.81,0.07121289878861926,0.09940333316750669,0.15432219748805673,0.10695517771404836,0.0371931881632076
1.82,0.0707772419626567,0.09928942185651549,0.15465743048688796,0.10679010643713581,0.03770907255298207
1.83,0.07076154360242534,0.10029209066643237,0.1548187835601012,0.10662327483381916,0.038233292840337496
1.84,0.0707454369329886,0.10124208843893845,0.15399042584635936,0.10652179859529266,0.03876148342655357
1.85,0.07023403648416338,0.10126580366360335,0.15695139682899764,0.10646325406331947,0.03931432634491789
1.86,0.07005848428527205,0.10050275246963686,0.15556191049717802,0.10639657803048107,0.03987744958357048
1.87,0.06912635471881312,0.1007557326443115,0.1541050583595282,0.10631480399887767,0.040426369592734386
1.8800000000000001,0.06815759481249171,0.1009198107632968,0.1536587092735638,0.10621878853156791,0.04101665108640412
1.8900000000000001,0.06715355062587011,0.1009985181709224,0.15482077755338772,0.10634744000370676,0.041839761538784756
1.9000000000000001,0.0661396315240383,0.10099598219437433,0.15587390314484184,0.10650572294173762,0.04277406162517567
1.9100000000000001,0.06515517356249952,0.10090806341413885,0.15661798684249537,0.10667453634813509,0.043658175932880176
1.9200000000000002,0.06408198690093231,0.10073788816244661,0.1567210462481932,0.10684187667516955,0.04457494086743477
1.93,0.06296940114474106,0.10047851574081122,0.15633398742382923,0.10711532872834133,0.04550093657178646
1.94,0.06205226226024502,0.10010990724101726,0.1558085014010485,0.10741672514013821,0.04642152524581088
1.95,0.061298638360316494,0.0996899608287432,0.15530108074972393,0.10777707866176334,0.04729711489386968
1.96,0.06070087434009622,0.09915820219375979,0.15298055087503587,0.10815654615125267,0.04814749430520465
1.97,0.06037688860703257,0.09853384579347996,0.15049310012531056,0.10850403238029128,0.04898442766215439
1.98,0.060258956603093876,0.0978181276439434,0.14782342871434784,0.10885433717026377,0.049800504603024355
1.99,0.06028704837284041,0.09685061655234056,0.14860752634436591,0.1091900204241758,0.050637353358900974
2.0,0.060356486345256435,0.09680459772315529,0.15046133311979373,0.10951998168719937,0.051481095134819806
2.01,0.059714823492629895,0.09673668227946772,0.15243547263654472,0.10991318509267435,0.052352198007322034
2.02,0.05873549807937813,0.09665312201778808,0.1543311474772463,0.11025686610675643,0.053184057115185195
2.03,0.05815760514858203,0.09656436923790301,0.15607123826672625,0.11055890644794203,0.05394542535719892
2.04,0.057606258370704405,0.09647624241476124,0.15770954952380875,0.11080722127934707,0.054642129754125246
2.05,0.057192761807137074,0.09640519194180054,0.1591425669711707,0.11097311251567366,0.05529102009359158
2.0599999999999996,0.05694740727234974,0.09582265962996586,0.1603611367015289,0.11110162489551362,0.05588173404155709
2.07,0.0567193460338282,0.09509512215275476,0.1614533409491572,0.11116939584048838,0.0564211726000697
2.0799999999999996,0.057169623758524975,0.09439583209435404,0.16236468088958508,0.11122493677494395,0.05688034777281775
2.09,0.05757882286626641,0.09373395399070929,0.16311127853901142,0.1112957178832353,0.057313500711036296
2.0999999999999996,0.05786012209657569,0.09311557942360052,0.16375722379830474,0.11136763686496413,0.05772248346030186
2.11,0.0580392446912917,0.09277281160408685,0.16435155202471002,0.11144080086898912,0.05811319943037088
2.1199999999999997,0.058135092048823764,0.09240838103745308,0.16486133144154283,0.11150327459415109,0.058465865724791795
2.13,0.05786303887847412,0.09198369767953449,0.16566548101509124,0.11161550056148516,0.05885172749944287
2.1399999999999997,0.05750769263143993,0.09161259261188422,0.16887521749482384,0.11174709520423932,0.05926523878365189
2.15,0.057165893353303854,0.09169380104145392,0.1719554073292293,0.11182840650250073,0.05965758940489579
2.1599999999999997,0.056710627627346126,0.09182006249745792,0.17221467991143852,0.11189830794842934,0.059994061988939085
2.17,0.05571048036617739,0.09139496902524204,0.17463947852707326,0.11193467385252026,0.06028252299841027
2.1799999999999997,0.05469577383962894,0.09031487737273904,0.17394431549315742,0.11192403242385283,0.06053899727259277
2.19,0.05411712273880337,0.09023661781295561,0.17382174837027925,0.11193660799040038,0.06080952393963943
2.1999999999999997,0.0539150280456581,0.0902073167233734,0.17323022869856386,0.11199673708414397,0.06104949068994989
2.21,0.05373803769066549,0.09022152732493083,0.1732444850619501,0.11200726437062065,0.06126253204823412
2.2199999999999998,0.05360401509024875,0.0902757475746515,0.17328147010097253,0.1119714846978955,0.061450093195725274
2.23,0.05355167028994566,0.09036558284140586,0.17346522759087926,0.11192270680048022,0.06162699659695703
2.2399999999999998,0.05349994445510327,0.09048692560917598,0.17373232215175807,0.1118687227761447,0.06181469927971273
2.25,0.053534528748473934,0.09063544074585042,0.17385098945075275,0.11181099093743917,0.06197815894265444
2.26,0.05361359250435288,0.09080485781828601,0.17362118798779952,0.11174516205330413,0.0620965896181592
2.27,0.05368506014451553,0.09147299639958995,0.17342353059830673,0.11165817508267604,0.062195660442399076
2.28,0.05406242665463676,0.09220430729323913,0.17325365492379124,0.11156792250696398,0.06222232849787076
2.29,0.05485619280001049,0.09208831415075655,0.17311101604166573,0.11146065509195167,0.06219743698292894
2.3,0.05562479758207323,0.09191868759257416,0.17298933140993641,0.11131975798597359,0.06214526901318323
2.31,0.05636917708511465,0.09170477076729877,0.17287673427030545,0.11118487347610641,0.06214744403656871
2.32,0.05708661147498998,0.09143749541461502,0.17276285332265712,0.11106996720008445,0.06217164581480275
2.3299999999999996,0.057843471523445746,0.0911442132150369,0.1726392988284962,0.11093764407198627,0.06214096738137729
2.34,0.058564116708390505,0.09082240308962569,0.1724873210605605,0.11078077489769883,0.062078007578240876
2.3499999999999996,0.058341999622755936,0.09049728215261336,0.17230915018949533,0.1106038290234407,0.06202810614063872
2.36,0.05797555581006753,0.09018427058055051,0.1720903339528708,0.110402192148243,0.06198275307224485
2.3699999999999997,0.05759728660747287,0.09010657144699014,0.1718320329048114,0.11017599211901495,0.06189816507299074
2.38,0.057203106805999875,0.08981993841953842,0.17153246695080165,0.10997653993036625,0.061772368272046345
2.3899999999999997,0.05679281858831173,0.08830596975763484,0.17081322157109258,0.10973443732275613,0.06162299581934005
2.4,0.056368552834582177,0.08675824835520742,0.16897438577709406,0.1094704685850581,0.06143126178291684
2.4099999999999997,0.05619645296880844,0.08711560810791,0.16827755559977253,0.1091981830459757,0.06125303481910561
2.42,0.0561017625031043,0.0875218147687665,0.16831802089489278,0.10892293341726558,0.06108469373153383
2.4299999999999997,0.05597640270257547,0.08793773561199958,0.1682927525973542,0.10869780548086651,0.060897387609298866
2.44,0.05578165676870213,0.0883626821921189,0.16820759157369378,0.10844863540541896,0.06067268553814049
2.4499999999999997,0.05539219379641597,0.08879598505149545,0.16823387843731347,0.10824150611701099,0.06050510202047966
2.46,0.054903417103067835,0.08923698378793202,0.16904317135034685,0.1080646646888277,0.06037386314579028
2.4699999999999998,0.05496406294520632,0.08968753518458772,0.16869853592628112,0.10786977795763195,0.06022275692796968
2.48,0.05520106363171611,0.09014466893438772,0.1685382547573623,0.1076803341928254,0.0600642764271004
2.4899999999999998,0.05507668589046033,0.09060900265178454,0.16868151571083376,0.10749600953953604,0.059901069207039276
2.5,0.05497159959584824,0.09107947916357831,0.1688414128240805,0.10731388300548696,0.059722449327606904
2.51,0.054805881890829765,0.09155431334658493,0.16913178719024446,0.10712750338186874,0.05954617042857227
2.52,0.05432644845516611,0.0920319612534962,0.169538331170291,0.10693289336480341,0.05938247314936784
2.53,0.05380476542910457,0.09250892315768305,0.169897347785126,0.10674940484440308,0.05920992531473544
2.54,0.05335191984913397,0.09298361087538548,0.16980498451350307,0.106564011208475,0.05904025774280131
2.55,0.052895603849766284,0.09345477249443848,0.16970223130592935,0.10638753255053085,0.05888243961251022
2.56,0.05309061415341476,0.09392351177426231,0.16759337268373473,0.10623653528564346,0.058733995578612794
2.57,0.05344153236814721,0.09367528374378492,0.16508783409010902,0.10606202786429977,0.05860497183094228
2.5799999999999996,0.05380428850143896,0.09330198246857899,0.16265322474280033,0.10586653908832228,0.05850343044524124
2.59,0.05417916207020917,0.09337085308945792,0.16028726419424436,0.10564282089653317,0.058416963044673344
2.5999999999999996,0.054561346288016316,0.09362580882900487,0.1579193399892481,0.10539611371445336,0.05835668620377462
2.61,0.05442934756540128,0.09386854810605703,0.156613611441971,0.105131361324718,0.05831959434509166
2.6199999999999997,0.05416525715926546,0.09409464927733666,0.15526926231355886,0.1048468612436876,0.05829725470347546
2.63,0.05387214766523785,0.09430798245197419,0.1538924002688466,0.10456657304900778,0.05829602310696736
2.6399999999999997,0.05354805468229518,0.09451000395277306,0.1524824545932484,0.10429173902165928,0.05834182292488524
2.65,0.053195758676827624,0.09470035990204745,0.15100119481663096,0.1040240723622504,0.05842732814263863
2.6599999999999997,0.05264041875003937,0.09488902755588828,0.1495335718848043,0.10374927325825589,0.05853061159968789
2.67,0.05214262642070705,0.09508940316483323,0.1483553947882237,0.10346043438480203,0.058643176725000135
2.6799999999999997,0.051806817851750286,0.09465609356755283,0.14728058569126842,0.10316842004473369,0.058772743652861226
2.69,0.0513931146300326,0.0940021123506937,0.14663996775745905,0.10286327755171687,0.058905848736521625
2.6999999999999997,0.05085530514124529,0.09348845536926753,0.14604867538725944,0.10254262342486661,0.05902787243547153
2.71,0.050292447699373764,0.09316345071384,0.14537691186266427,0.10220930882396168,0.059139695704686135
2.7199999999999998,0.049774115022506144,0.09304448807203045,0.14401710387842523,0.10187684770550341,0.05924318954505392
2.73,0.04929003149869811,0.09286018633717852,0.14250352339643935,0.10153159784011688,0.059340389872618714
2.7399999999999998,0.04896721645394652,0.09261503053702516,0.14100137648965871,0.10117284974725484,0.05940885148983954
2.75,0.04901235779794828,0.09231445407624325,0.139746800002753,0.10080210604816053,0.05946281368305685
2.76,0.04916905186461078,0.09197456911935994,0.138845741293756,0.10044560436717838,0.05949393529178171
2.77,0.0493839446542801,0.0916031619684343,0.13821318857863774,0.10008440557806834,0.059498890687542404
2.78,0.04956333625753963,0.09120724152388027,0.13796453622713792,0.09971584485943631,0.05948377494925512
2.79,0.04971759752531307,0.09023297793222741,0.1378310387392784,0.09933936343378753,0.05945443135217539
2.8,0.04956740371709069,0.08883958127747472,0.13781939543052515,0.09896960544053433,0.05940004149057723
2.81,0.04970190208494105,0.08757195095749443,0.13793561430683718,0.09860154272486682,0.05933862360172091
2.82,0.04983028172740473,0.08634669235790213,0.1381842623549464,0.09823250703724597,0.05927836398087126
2.8299999999999996,0.04979349375084491,0.08531899928978434,0.13856940930379974,0.09789039148408908,0.05920498386935512
2.84,0.04974152419404866,0.08440101111686024,0.13866451427223114,0.09758139896846987,0.05917784002392057
2.8499999999999996,0.04965938848822499,0.08347623942034693,0.13850866120108066,0.09730112660822651,0.059209976235081625
2.86,0.04954751514343648,0.08302540426590813,0.13813144896970844,0.09702601760392607,0.05925723896273482
2.8699999999999997,0.049419692723212956,0.08274042270257088,0.13771615949097465,0.09680298465693146,0.059427363994411696
2.88,0.04927219401683388,0.08245238707364458,0.1373195723054697,0.09659632495219905,0.0596706010065738
2.8899999999999997,0.04909663466363447,0.08215883806402419,0.13692551724940133,0.09640098935422746,0.05992141016156816
2.9,0.04889382204010548,0.08186108421251119,0.13652735212953857,0.09621399670808,0.060181441991002865
2.9099999999999997,0.04867825395694811,0.08155695703123772,0.13615182809013618,0.09602881738661145,0.060451362607150526
2.92,0.04844331215650844,0.08125251346180473,0.13575098141751454,0.09584834712545592,0.06072970403987052
2.9299999999999997,0.048182674618259855,0.08094847240213933,0.1353348459611158,0.0957015362707263,0.06102149056517608
2.94,0.04789692541720129,0.08064626985705056,0.13491660752330797,0.09561361573847268,0.06132699023753102
2.9499999999999997,0.047605067307207066,0.0803501800725818,0.13453427309547508,0.09553381443992995,0.06163803496502973
2.96,0.04729032707643697,0.08006529252163655,0.1342851582222314,0.09546355272329744,0.06195500558875515
2.9699999999999998,0.04695190890934182,0.07979335826393869,0.13409238465270049,0.0954418750572852,0.06239955927763441
2.98,0.046595056317493375,0.08002519472342437,0.1339027787419279,0.09545288447602952,0.062957411537431
2.9899999999999998,0.04622962478194927,0.08047650968310904,0.13369361536515328,0.09546485533326111,0.06350778001457358
3.0,0.04584185726925777,0.08090685864105962,0.13347715928555956,0.09549388789101129,0.0640422063514141
3.01,0.045432174747189503,0.08131346350335245,0.13343900783020102,0.09555153459804867,0.06459210109849078
3.02,0.04500991869395318,0.08133080554689023,0.1330780420495176,0.09562095359906304,0.06512439851207309
3.03,0.044575878994934086,0.08113991649662011,0.13270015845806574,0.09568047124807073,0.06564395098494119
3.04,0.04412117137795574,0.08091840717759007,0.13233521584935726,0.0957465942067432,0.06615001070175566
3.05,0.04399753412761977,0.0806693590648847,0.13196698945390756,0.09582268737246236,0.06662926044588291
3.06,0.044006240168426636,0.08039019317405247,0.13159098848060558,0.09590403983950326,0.06708350820654156
3.07,0.044000786389818206,0.08008316032827142,0.13120274178797203,0.09599120088318998,0.06752058540614224
3.08,0.04398188483677593,0.07974712431999095,0.1308096134397431,0.09606313374959492,0.06794097546694695
3.09,0.043962063621350085,0.07938249821863784,0.1304221013304859,0.09612218048180105,0.068342512473896
3.0999999999999996,0.04398979990592712,0.07898701729485454,0.13002704386856004,0.09617766892952671,0.06871561400142294
3.11,0.04401249602036478,0.07882028657342721,0.12962972356970634,0.09623515256625495,0.06906644222813607
3.1199999999999997,0.04402285261945129,0.07887350250705381,0.1294474019124845,0.09629059357826347,0.06940129680154022
3.13,0.04401791033509787,0.07929620226613288,0.12959761467563632,0.09636694060209998,0.06973584454339918
3.1399999999999997,0.04399775528581345,0.08010223540491432,0.1285689730107638,0.09642952090751328,0.07005387518480288
3.15,0.0439624350439147,0.08091464029839765,0.12755901272351214,0.09648081697782071,0.0703557062329346
3.1599999999999997,0.04391710385834086,0.08151082765777429,0.12651827846576233,0.09651485267052634,0.07064681476477311
3.17,0.04386473655904746,0.08146248995533154,0.1261139818749954,0.0965437307972329,0.0709490811040884
3.1799999999999997,0.0436467987202914,0.08138813502700809,0.1260691228825539,0.09655149784665445,0.0712356199314201
3.19,0.043315472192079235,0.08119875584890104,0.12624922210509612,0.09654384835341237,0.0715051752082992
3.1999999999999997,0.04298974329603916,0.08075247745160247,0.12643327885126096,0.09651927066012979,0.0717572420328759
3.21,0.04266972053420484,0.08032497825420534,0.12662969159380227,0.0964769049734953,0.07199552662995133
3.2199999999999998,0.04235549565875027,0.08021016928973258,0.12684927926076153,0.0964318144649783,0.07221095064776464
3.23,0.042047130415375125,0.08027147619919367,0.12709571668010233,0.09639551702222017,0.07239652504524598
3.2399999999999998,0.0417446430377929,0.08033293917987774,0.12736596914355555,0.09634492132716307,0.07256489670956219
3.25,0.041448003430722614,0.08037486458041504,0.12779630160830116,0.09630534500147317,0.07273215585159039
3.26,0.041157171761774976,0.08040296317696702,0.1284181113567763,0.09625981791055241,0.07289292364766313
3.27,0.040892045771178116,0.0804147254077865,0.1290848031455449,0.09619617123564389,0.07303672390282386
3.28,0.040938367124262666,0.08001239500232113,0.12974641262282965,0.09611025398621353,0.07316016074937692
3.29,0.04097849057850912,0.07956604297548359,0.1303916559379434,0.09600501710137403,0.07326172667181204
3.3,0.04101079689840453,0.07910527862140002,0.1310156341972431,0.0959008637531036,0.07332980228574994
3.31,0.04103570690454254,0.0786262982324622,0.13161178549226604,0.09578780283820178,0.07337142097106099
3.32,0.041054086141913346,0.07814439332335915,0.1311935364633228,0.0956660202521667,0.07338372431609486
3.33,0.041040592985275876,0.07764386667377673,0.1305886260982711,0.09552782753566241,0.07336499372881741
3.34,0.040745427362139694,0.07713041526574273,0.12985800629078106,0.09537493528131845,0.07331715636479223
3.3499999999999996,0.04044551745131207,0.07654141911033074,0.12899975734978303,0.09519581289379236,0.07324775863213742
3.36,0.040133982777509625,0.07625856562230035,0.12801733567590567,0.09498929350602228,0.07315840970265654
3.3699999999999997,0.03981584738653216,0.0760405897922638,0.1269274619745422,0.09475890501163362,0.07305098324098161
3.38,0.03949260759031722,0.07577486472696557,0.12571864144117675,0.09450456999439569,0.07292854247663821
3.3899999999999997,0.039275725538684046,0.07549246117975066,0.12440876963240302,0.09423025630405406,0.07278825614326215
3.4,0.03919827126063794,0.07516207449466245,0.1229957514878528,0.09397561440739853,0.0726581789631936
3.4099999999999997,0.039118559904554144,0.07481473511102221,0.12148514683067435,0.09371854069816653,0.07253350771811662
3.42,0.039031422795828156,0.07477053402450135,0.12185918987885254,0.09348126519615874,0.07240436101237079
3.4299999999999997,0.03893942437482636,0.07508828805930914,0.12255210751104094,0.09324874618685576,0.07226760956831492
3.44,0.03883738424359137,0.07509175506821252,0.12324496337652474,0.09302107571283948,0.07211985466330799
3.4499999999999997,0.03872875192818583,0.07508205125745893,0.12396126244454085,0.09279820320804774,0.07200620315977274
3.46,0.03863497741650295,0.07505958375228251,0.12469030123025693,0.09259732147460865,0.07201537587663862
3.4699999999999998,0.038705645393395056,0.07502475247216474,0.12541521010332346,0.09240988131290973,0.07201994140136124
3.48,0.03876854292788785,0.07498199095006286,0.12619349377450506,0.0922551894830498,0.07202589986543617
3.4899999999999998,0.03883047044077977,0.07493470073564816,0.1270196890339157,0.09210945570806431,0.07204663649047123
3.5,0.03888578979448467,0.07487597709203864,0.1278397376550395,0.09196906923695881,0.07207587843983938
3.51,0.03893921080801079,0.07480619201202357,0.1286518578030006,0.09183355714782854,0.07210934039774464
3.52,0.03898680116666814,0.07472571006701488,0.12945448949936003,0.0916984005730424,0.07214886990993448
3.53,0.03903262561489279,0.07446516053619509,0.13005139745780886,0.09157796833353911,0.07218890025542538
3.54,0.039072379237620275,0.07414363530511908,0.13055807008940884,0.09146560426537055,0.07222803650137116
3.55,0.03911215889467972,0.07382066008036889,0.13104888957317895,0.09136630878517676,0.07226460412009321
3.56,0.039146690419372215,0.07349351435365784,0.13152110494062763,0.09130138763147072,0.07229589945034087
3.57,0.039178407351820384,0.07316250597279136,0.13197545015933684,0.09124271404608263,0.07232655765276975
3.58,0.03920631363299337,0.07282793295875428,0.13246852494407066,0.09118760306490095,0.07235933045296929
3.59,0.039229864208826126,0.07249008362977614,0.1329485094138352,0.09113041679009766,0.07239178916502144
3.5999999999999996,0.03924959501729506,0.07219508191992599,0.13343770226276638,0.09107867124502676,0.07243830376831578
3.61,0.039264895884607215,0.072154004027004,0.1339099992310412,0.0910263551303491,0.07248484984340987
3.6199999999999997,0.03927720696356597,0.07210203213078516,0.13436210465283904,0.09098305468552993,0.07253221882743044
3.63,0.03928526862473675,0.0720400991359726,0.1347917720872595,0.09094599936526394,0.07257899158931312
3.6399999999999997,0.039306581382868036,0.07249132816845485,0.1351986856813684,0.09092583665595506,0.07261871783615642
3.65,0.03937723673179577,0.07302198530201569,0.13558312526428207,0.09090110532583015,0.0726540636813889
3.6599999999999997,0.03903538229286942,0.07338307633906473,0.1359432843785357,0.09086972333122922,0.07268554388647842
3.67,0.03866433263586639,0.07305337054590488,0.1362788830911726,0.09083599231132529,0.07271319613644804
3.6799999999999997,0.038307909859294095,0.07272252455044753,0.13660324654438474,0.09079491724782372,0.07273626251414553
3.69,0.03796417359884815,0.07239062924825118,0.13692785810299482,0.09074684218899917,0.07275412474031714
3.6999999999999997,0.037633386663535065,0.07205777325583289,0.13722682499655828,0.09068880737279052,0.07276545317408417
3.71,0.03731704391020619,0.07172721862226887,0.13750111665366246,0.0906370685317531,0.07277263204969689
3.7199999999999998,0.037086490243705444,0.07139706813246283,0.13774908876797345,0.0905923566211029,0.0727741980453321
3.73,0.0370751262466401,0.07129206732232522,0.13783941881423337,0.09053843405554061,0.07276843402196576
3.7399999999999998,0.03706461504965003,0.07121830918985791,0.1371834783156899,0.09047923132159261,0.07275133975944632
3.75,0.03705492891991538,0.07115358767209512,0.13652156828176412,0.09041858921302326,0.07273017694365885
3.76,0.03704629006635255,0.07109064514798744,0.13585340177216204,0.09038206366638607,0.07274194086360215
3.77,0.03703846015487579,0.07102832048994134,0.1351862489812723,0.09033730100504102,0.07274781884673055
3.78,0.03703131260283039,0.07097623034598127,0.134516014168271,0.09030598646475553,0.07273913029980365
3.79,0.03702479082298901,0.07092247834700467,0.13384360439717863,0.09028041636941607,0.07272020183673683
3.8,0.03701883166034959,0.07061968611832532,0.13317717157758618,0.09027084068893955,0.07276954483583584
3.81,0.03701362060311328,0.07016931893734697,0.1325097462483235,0.09025404824120621,0.07281702014954818
3.82,0.03700935383542621,0.06972310582322981,0.13184005139445762,0.09022894584396336,0.07286105545224111
3.83,0.03703929125906694,0.06928200667407107,0.1311742764789785,0.09020337543659557,0.07289495110195802
3.84,0.03706799696695465,0.06918292584896747,0.13050873218620498,0.0901862235350598,0.07292070494177356
3.8499999999999996,0.03699544876968839,0.0694829395966284,0.1298425528093947,0.09017917182080731,0.0729376206081944
3.86,0.03690205308775249,0.06978885810143765,0.1291824480491648,0.09016406557051189,0.07295139170291247
3.8699999999999997,0.036808555488918926,0.07029708757936487,0.12852290253998042,0.09014086164723069,0.07296160216286472
3.88,0.03671537944344005,0.07110358953182652,0.1278655224140701,0.09011496052119848,0.0729677091218259
3.8899999999999997,0.03662249603442996,0.07184611681895214,0.1272139513041271,0.09010808027859023,0.07296516424802459
3.9,0.03652951230115606,0.07230320013007459,0.12656611544359564,0.09011395688699221,0.07295509113478178
3.9099999999999997,0.036436433221549984,0.07275898227210606,0.12592696421523566,0.09012551748093506,0.07293688885031648
3.92,0.03634326376640735,0.07320517687671799,0.12529236920027834,0.09013490235574112,0.07291333883713445
3.9299999999999997,0.0362500430732516,0.07363328197192211,0.12466035143420476,0.09013743756414741,0.07288851295533624
3.94,0.036157470710225674,0.07405820736786485,0.1238708694683428,0.09013286775965902,0.07286196992026275
3.9499999999999997,0.03606481064780923,0.07447237090797533,0.12307496553171532,0.09012090122512474,0.07283372140315789
3.96,0.03597206798023724,0.07486658220726411,0.1222920558200293,0.09010893587554034,0.07280550967844981
3.9699999999999998,0.03587924778707517,0.0749927056316348,0.12152163418930449,0.09009345050155942,0.07277474032954899
3.98,0.03578635513204523,0.07485673543106787,0.12076163397622493,0.09008981409123927,0.07273612490831925
3.9899999999999998,0.03572821936091289,0.07453640355021046,0.1204171252264388,0.09009576898337632,0.07269755757709881
4.0,0.03577551432901743,0.07421492157050211,0.12011778974786899,0.09009614571499293,0.07266030397805327
4.01,0.03582108250962272,0.07389186334184,0.11981591572637083,0.09010542262262021,0.07261850156836162
4.02,0.03586491762495507,0.0735669037022239,0.11951031183949035,0.09011461215137094,0.07257885564916572
4.03,0.035907014372381404,0.07324471454231214,0.11920000667120347,0.09011701626975445,0.07254116007218088
4.04,0.03594736839779027,0.07292749563932074,0.11888215207772873,0.09011161822036556,0.07250583032913187
4.05,0.03598597626919004,0.07260744155140406,0.11855657649200059,0.09009788223567103,0.07247200272322271
4.06,0.036022835450545736,0.07228416875749506,0.11822303818211391,0.09007937249969286,0.0724395410277214
4.07,0.03605794427586958,0.07195832094933133,0.11787900825925841,0.09005749106919021,0.07240772409691477
4.08,0.03609130192358342,0.07164070933949089,0.11696807587535965,0.09003169362394609,0.07237611970917503
4.09,0.0361229083911663,0.07131905518781173,0.11632255621382857,0.0899963245685771,0.07234564214016856
4.1,0.03615276447010271,0.07099996339461827,0.11638412966757541,0.08995372651210937,0.07231506727223908
4.109999999999999,0.03618087172114278,0.07068497343987572,0.1164369060185672,0.08992261177950345,0.07229087144599296
4.12,0.03617680560420974,0.07023487517635624,0.11648075950830593,0.08989926596806716,0.07231108656673856
4.13,0.036038906097760254,0.0694421915341354,0.11643615263432387,0.08987107258130574,0.07234196737312508
4.14,0.03589718028395712,0.0686529852186385,0.1162047242607565,0.08984409867696547,0.07237603937571135
4.1499999999999995,0.03575332800784521,0.06786961656901419,0.11595967102417194,0.08984787864544982,0.07242235205137812
4.16,0.035604071742254384,0.06709312643872056,0.1157068875390015,0.08988176524237719,0.07250570098517718
4.17,0.035736975576999216,0.06632607770721852,0.11544401095908896,0.08991902106037328,0.07259630813542856
4.18,0.03587603181806963,0.06557026309046296,0.11679477022781418,0.08995693280259855,0.07268556155705083
4.1899999999999995,0.03601408295158179,0.06482750996532594,0.1170107198278744,0.08998695176700128,0.07277617987729383
4.2,0.036151091979176486,0.06409923477888671,0.11720489809561083,0.0900089976223677,0.07286883263887743
4.21,0.036286709557731535,0.06338817925485431,0.11737756966899847,0.0900224416290669,0.07296349393490274
4.22,0.03642129946680554,0.06269504893839781,0.11752921324562315,0.0900283245423925,0.07305954774876405
4.2299999999999995,0.03643622562602947,0.06202241990638503,0.11766481564851514,0.09002959368734455,0.07315802265927684
4.24,0.036425294943250364,0.06144580118853329,0.11834408722356675,0.09003371141932737,0.0732563797105315
4.25,0.03641255578375537,0.06098069950088825,0.11921516253363225,0.09003690874531697,0.07335464634127863
4.26,0.036397473007490994,0.06074416398987778,0.120067405586493,0.09003854869668919,0.0734516466951102
4.27,0.03639771441709521,0.06057727132707587,0.12090338646606565,0.09003262813272342,0.07355157826882713
4.28,0.03639706274545747,0.06039434042998473,0.12177266411478073,0.0900437587352667,0.07366478525393227
4.29,0.036394794377115146,0.0601965898316013,0.12246374903817289,0.09008949523496972,0.07380209058446575
4.3,0.036390921282163154,0.05998369688232719,0.12314345964950497,0.09014841602637291,0.07394185647956161
4.31,0.036385455782002626,0.059989674107915864,0.12381106480919839,0.09021380575591657,0.0740835368909654
4.32,0.036378410532549595,0.060087603677614204,0.12446584650607734,0.0902722252536615,0.07422842033312016
4.33,0.036369798507834276,0.06016788842325259,0.12510711901709334,0.09033267934389876,0.07437664012325679
4.34,0.036359632983986825,0.06023130102669262,0.12562822608334195,0.09040046114899157,0.07452585860507885
4.35,0.03634792752360784,0.06028754226549978,0.12535380780156355,0.0904718753355647,0.07467154344900823
4.36,0.03633551644361452,0.060331737907179245,0.1250663167397229,0.09054488178375412,0.07481400253497476
4.37,0.036322832838363614,0.060362022420583084,0.12476604021046815,0.09061500835523405,0.07495756177674895
4.38,0.03630864059355207,0.060380777889589454,0.12445316733779188,0.09068317592004503,0.07510100540148966
4.39,0.03629295400247817,0.06039687957821245,0.12412803888843109,0.09076095713270488,0.07524352614359114
4.3999999999999995,0.03627578758223708,0.06039922800309202,0.12416370753923187,0.0908352662219407,0.07538601556341927
4.41,0.036247189240790956,0.060386784928763856,0.12499311718635005,0.09091194855721399,0.07552656050508898
4.42,0.036199507024714604,0.0603657196584251,0.1258240274199154,0.09098612822748932,0.07566727481850388
4.43,0.03615956943436583,0.06033368832026638,0.12665432430787593,0.09106205766812049,0.07580543110817739
4.4399999999999995,0.036129279804485305,0.060361966073809094,0.12748577262166874,0.0911432989473837,0.0759401817902849
4.45,0.036097799130541716,0.06050254043850087,0.12832037808970842,0.09122809597878302,0.07607441250703158
4.46,0.03606541033594186,0.06064654663712384,0.12915431699982666,0.09130956978283968,0.07620966939949572
4.47,0.03603173834972836,0.06078371822386981,0.12998658545433975,0.09139251441855217,0.07634428536375129
4.4799999999999995,0.0359967958273239,0.0609155263294613,0.13081871416926844,0.09147003782137103,0.07648059193111852
4.49,0.03596059554261708,0.061051632666332706,0.1316460743603122,0.09158429439490795,0.07666312973085797
4.5,0.03592341994501256,0.06118026127870331,0.13246916265575165,0.09170482461874886,0.07685040482934707
4.51,0.035885234728084255,0.06130500464761644,0.13328985188848017,0.0918269931923021,0.07703796371684785
4.52,0.0358458279284087,0.06143200606099561,0.13410407469845811,0.0919597925680301,0.0772586010622507
4.53,0.03580521265010877,0.061550870795148045,0.13491385112753118,0.0920854401285902,0.07747870638038061
4.54,0.0357634020828887,0.06166977428560305,0.13571807421740875,0.09220168208172924,0.0776949911390684
4.55,0.035720802089735264,0.0617856497319999,0.13651469202757796,0.0923086668804534,0.07790625157693436
4.56,0.035688727999963386,0.061894504765292443,0.13739877718041263,0.09240899197249042,0.07811413856932947
4.57,0.03582312208128914,0.062065971941041735,0.1383230808012831,0.0925082011369018,0.07831267221351297
4.58,0.03595596609400998,0.06228171777007789,0.13924243467535977,0.0925970347613479,0.07850372459868012
4.59,0.03595898326589046,0.06253889429703385,0.14015584401668393,0.09267502573432572,0.07868633127339485
4.6,0.03592895961065356,0.06250969918592228,0.14106316698869853,0.09274214596562282,0.07886053174694209
4.61,0.03589734357054806,0.0624425113398814,0.1419639574524489,0.0927978707510503,0.07902614110364882
4.62,0.03586415568659005,0.06236794298403178,0.14285658015931993,0.09284222175810708,0.07918225791548429
4.63,0.03582941655662505,0.06228577033162196,0.14354496329617206,0.09287506910422617,0.07932876071637204
4.64,0.03579314682558004,0.06219623525182025,0.14398754784876838,0.09289669454432095,0.07946486418623269
4.6499999999999995,0.035755829273229685,0.06209739168130842,0.1444118328659815,0.09290592461767648,0.07959066385665554
4.66,0.035717021207324055,0.06198917034670988,0.14481713251926545,0.09290342396296157,0.07970571458535794
4.67,0.03567674117530359,0.061871933506168375,0.14520376463980514,0.09288988839936628,0.07981047295099788
4.68,0.035635009873982715,0.06174408846948429,0.14557156337684066,0.09286423099563869,0.07990562805634698
4.6899999999999995,0.03559184800473433,0.06160579637796672,0.14592044595828962,0.09282712838412731,0.07999194422200011
4.7,0.03554739919976108,0.06159388803887103,0.14625097544183047,0.09278563152932887,0.08006779158041637
4.71,0.03550188771519185,0.06160230836356925,0.14656336262417233,0.0927418159396216,0.0801343024069356
4.72,0.03545500405937087,0.06159627958098316,0.1468586504136828,0.09268796684835268,0.08019382657522163
4.7299999999999995,0.035406768836777146,0.061577907282208216,0.14713627010351674,0.09263585400555248,0.0802622998150077
4.74,0.03535720262033954,0.06154543793921753,0.14739822921413043,0.09258592734294382,0.08034084216099117
4.75,0.03530632594457178,0.061499658206183014,0.1476442611479694,0.0925350128539177,0.08041389560042655
4.76,0.03525415929894495,0.061440765732540176,0.14787516987168173,0.09251372142004524,0.08048263780433464
4.77,0.03520114285577422,0.061367635691259505,0.14809107288752182,0.09248452065261495,0.08054479372236183
4.78,0.035146887790138394,0.061282678493678536,0.14829216508296064,0.09244792391250979,0.0806008954575621
4.79,0.03509140004308051,0.06118376035219916,0.14847903463009862,0.09240558832464484,0.08065118529830445
4.8,0.035034699836229595,0.06107205532536245,0.14865129236452967,0.09239294888564652,0.08070588016882355
4.81,0.034976807318056954,0.06094811129942049,0.14880949952714348,0.09239041524283403,0.08075837746760307
4.82,0.03491774255854562,0.060854775310376155,0.1489546138265915,0.09238957120542811,0.08080646902604349
4.83,0.03485783519516622,0.060831078396315595,0.14908700415127807,0.09238417013129765,0.08085015622918347
4.84,0.034796899646018196,0.06080344662952039,0.14920893833225257,0.09238177576330737,0.08088673414288657
4.85,0.03473484758808772,0.0607714337671247,0.1493269529846098,0.09237311448900833,0.08092140923501712
4.86,0.034671698710231125,0.060736303645565884,0.14944435583556248,0.09237093426362217,0.08094769255209343
4.87,0.03460747260061525,0.0606959300781051,0.1495593136860377,0.09236790226628254,0.08097174286000519
4.88,0.034542319686881415,0.060651190228982285,0.14967022870180008,0.0923626050362501,0.08099504128621628
4.89,0.03447639756162718,0.0606025347920121,0.14977120573654604,0.09235869299954205,0.08101562477937416
4.8999999999999995,0.03440945231389425,0.06054848187908393,0.14985789805557398,0.09235431446880207,0.08103294486878482
4.91,0.034341503076853956,0.0604898948559663,0.14992846322286832,0.09235401523429246,0.08104534140670382
4.92,0.03427256886508606,0.060427105657644545,0.1499827429523363,0.09235093709101728,0.08105726403471857
4.93,0.034203057795197,0.060359255564257495,0.15002085702307924,0.09234439357094101,0.08106971972145502
4.9399999999999995,0.034132595433039474,0.06028729711350783,0.15004367412537484,0.09233555486881871,0.0810821092153432
4.95,0.03406120035909644,0.06021121744439302,0.1500529326690639,0.09232575031741627,0.08109441861226425
4.96,0.033989080193534214,0.060130254223039026,0.15004965861897995,0.09231399158023477,0.08110739601640651
4.97,0.03391625278713477,0.06004609462705031,0.15003481359411433,0.09230003276842406,0.08112150574520394
4.9799999999999995,0.033842543740607876,0.05995881056969972,0.150009247374458,0.09228665368169629,0.08113488269066282
4.99,0.033768053765822086,0.05986832927673094,0.1503424089265126,0.0922819919446667,0.08115566648455476
5.0,0.03369300558192452,0.05977660558812151,0.15073986477313672,0.09227670327378248,0.08117864416493828
5.01,0.03361712559103995,0.05968562818460618,0.15112720201476135,0.09226809982498434,0.0812022544197406
5.02,0.033540876181272675,0.05979303883185459,0.1515035069158614,0.09225673458784477,0.08122702586809137
5.03,0.0334649493532936,0.060014277078526204,0.1518705562975407,0.09224156462069551,0.08125242470421165
5.04,0.03338835437329227,0.06023713648851464,0.15222801756745094,0.09222318595049095,0.08127893169987004
5.05,0.033310978125999126,0.060460628068368764,0.1525745832557336,0.09220654209266943,0.0813082185135143
5.06,0.03324746119105704,0.060684112911754434,0.1529118251264912,0.09220978457743664,0.08134216319601996
5.07,0.03319201585845502,0.06090776812309963,0.15323749945480966,0.09221093490570015,0.08137569437671688
5.08,0.03314080008308773,0.06113081655258487,0.15355183601482048,0.0922093278374445,0.08140750445899575
5.09,0.03308886551312431,0.06135350767019018,0.15385517422245906,0.09220348171361988,0.08143687116263437
5.1,0.03303622104841995,0.06157563831222089,0.15414782704704008,0.09219449703896179,0.0814637897265319
5.11,0.0329831091507694,0.061796956985451845,0.15442977285352527,0.09218069528439105,0.08148864823920758
5.12,0.032929649265650826,0.06201807416837483,0.154701740437248,0.09216527121285564,0.08151162509448968
5.13,0.03290614803333416,0.06223803383515995,0.15496298274236192,0.09215031361035995,0.08153363656137885
5.14,0.0330329789138588,0.06245636608450299,0.15521378900198793,0.09212969637657008,0.08155236794795095
5.1499999999999995,0.03314034724426685,0.0626735176980139,0.15545442742694843,0.0921024528983784,0.08156731932051775
5.16,0.03304427360951974,0.06288812338783448,0.15568495078112674,0.09207738931874944,0.08158067341886786
5.17,0.03294833674704033,0.06310002091791543,0.15590630561708269,0.09204846359211528,0.08159091687964067
5.18,0.03285254200962408,0.06330952327784199,0.15610933421001597,0.09201368425616953,0.08159637475470895
5.1899999999999995,0.03275689462304945,0.06351619262246483,0.15617248826186328,0.09197322917593675,0.08159724552169338
5.2,0.03266139968807178,0.06371958659161732,0.1562278185044716,0.09192722247374419,0.08159371681199669
5.21,0.0325660621823972,0.06392008559379735,0.15627292232347492,0.09187415753117908,0.08158533259303845
5.22,0.03247088696263446,0.0641176141438897,0.15630807590291013,0.09181547362947304,0.08157146575927407
5.2299999999999995,0.03237587876622615,0.0643117927952051,0.15633610443901697,0.09175537806157648,0.08155180844104959
5.24,0.03228104221335849,0.06450223291111604,0.15635507621118516,0.09169554021960885,0.0815266721499679
5.25,0.03218734912332282,0.06468994632932876,0.1563650106378147,0.09163838047794128,0.08149462076052208
5.26,0.032093868308902325,0.0648734635414972,0.1563680286687831,0.09157783209454519,0.08145725128849038
5.27,0.03200055817823913,0.06505310842396414,0.15636205353649638,0.09151386712792577,0.08141486122955675
5.28,0.03190742308497844,0.06522930214523424,0.15634686685935578,0.09144452963403013,0.08136769966816751
5.29,0.031814467272506135,0.06540088862320131,0.15632490205215271,0.09138045398016192,0.08132078374436001
5.3,0.0317216948757533,0.06556835588235282,0.15629516036260943,0.09131700900510716,0.0812699339244011
5.31,0.03162910992298241,0.0657314507448011,0.15625718469408192,0.09125087549070342,0.08121444674044936
5.32,0.031536716337551327,0.06589022145524084,0.1562123721380443,0.09117999746429639,0.08115567665441889
5.33,0.03144451793965511,0.0658904774841287,0.1561586054898116,0.09110477753838242,0.081093631536984
5.34,0.03135251844804924,0.0658122220580106,0.15609577046111792,0.09102564536389521,0.0810288605794919
5.35,0.03126072148175026,0.06572941367694886,0.15602487728651712,0.0909425254149011,0.08096202287428872
5.36,0.03116913056171668,0.06564231697526246,0.15594494320458083,0.09085592141889366,0.08089313103448881
5.37,0.031077749112508202,0.06555206294165118,0.15585563000874783,0.0907715170106634,0.08082010384744309
5.38,0.030986580463925547,0.06545785204544927,0.15575873497316103,0.09068619774015507,0.08074803685291414
5.39,0.030895627852628768,0.06535948798506142,0.15565287653410056,0.09060136414811858,0.08067793680056243
5.3999999999999995,0.03080489442373577,0.06525739967954632,0.1555390335305206,0.09051422065738089,0.0806073773506067
5.41,0.030714383232400607,0.06515183929442354,0.15541707877578123,0.09042558050522839,0.08053640299389155
5.42,0.030624097245371067,0.06504296171336742,0.15528632091831968,0.09033401250962537,0.08046568996584406
5.43,0.03053403934252636,0.06493024632027417,0.15514902187184165,0.09024108034205422,0.08039643373621654
5.4399999999999995,0.03044421231839558,0.06481334006396308,0.15500322323808302,0.09015161385826491,0.08032630974924407
5.45,0.030354618883655007,0.06469223127762128,0.15485035894770033,0.09006066129346574,0.0802570628308445
5.46,0.03026526166660697,0.06456806278346816,0.15468994855476947,0.08996703498670157,0.08018814891879433
5.47,0.030176143214638462,0.06443974579430783,0.15452187097610165,0.08987201551656081,0.08011950403436482
5.4799999999999995,0.030087265995660386,0.06430727028653649,0.15434777057414764,0.08977505217453575,0.08005171100824764
5.49,0.029998632399527575,0.06417066400646358,0.15413292175266022,0.08967559465852852,0.07998430083181167
5.5,0.02991024473943945,0.0640298691270251,0.1538520997999345,0.08957440878166881,0.0799180300645993
5.51,0.02982210525332181,0.06388604689700954,0.15356716718133526,0.0894716418610646,0.07985268970301107
5.52,0.029734216105190104,0.06377740678337518,0.153278731964245,0.08936811701431123,0.0797876888107679
5.53,0.029646579386492893,0.0638089770359579,0.1529878107900441,0.08926963332175379,0.07972199551999415
5.54,0.02955919711743786,0.06383185849197509,0.1526947445748513,0.08916938675511897,0.07965770232795588
5.55,0.029472071248298544,0.06384595116558574,0.15239992215468448,0.0890676688578128,0.07959456824730449
5.56,0.02938520366070309,0.06385123837379711,0.15210431083974926,0.08896597617085593,0.07953175762186679
5.57,0.029298596168904983,0.06382722033744188,0.15180907708431318,0.0888654817514739,0.07946800218736304
5.58,0.029219226613747245,0.06362204550568445,0.1508263135593536,0.08876316155915757,0.0794052502741547
5.59,0.029152933241443815,0.06341428677588729,0.14959542379270874,0.0886589590284279,0.07934382125837616
5.6,0.02908628005803237,0.0632047865518285,0.14840406973142237,0.08855391299215963,0.07928401154099182
5.61,0.029068186499484797,0.06299265895484592,0.1479607540171496,0.08845041801423412,0.07922519298115344
5.62,0.02910830964810018,0.06277889079102608,0.14833555892943717,0.0883534902074064,0.07916718587737835
5.63,0.029146428990965853,0.06256320964177918,0.1487024952534895,0.0882620657890266,0.0791099604901831
5.64,0.02918140889986567,0.06234518689348605,0.14906339100769608,0.0881760377153783,0.07905161145983483
5.6499999999999995,0.029214737707072252,0.062126495952320754,0.14941635181142932,0.0880911730329797,0.07899444531091725
5.66,0.02924523465393769,0.06190557964293819,0.1496838227365465,0.08800663699783823,0.07893845972133744
5.67,0.029272176498906743,0.06168436650365128,0.14896164927153943,0.08792201981411342,0.07888385308732065
5.68,0.02929522069170523,0.061462583080392444,0.14814689358884345,0.08783957234829333,0.07883112765728034
5.6899999999999995,0.029315058476557684,0.061240776932673484,0.14730693693957342,0.08775879627465671,0.07878002024647023
5.7,0.029331444091299657,0.0610213039308202,0.14646687494654895,0.08767803905788746,0.07872976924758518
5.71,0.0293443572352033,0.06080296668028566,0.14562507059479113,0.0875977940836052,0.07868022175791055
5.72,0.029353545129302615,0.06058711079826358,0.1447766006307865,0.08754300987753637,0.07863543181548296
5.7299999999999995,0.02935852710381087,0.06049507629628964,0.14392765359461007,0.08749022099137903,0.07859201136374559
5.74,0.029358891263893766,0.06044857052450741,0.1430771580567127,0.08743751131838981,0.07854939224538701
5.75,0.029354509993034177,0.06040266033409247,0.14222040872672095,0.08738476429386054,0.07850765615772819
5.76,0.029345252894811266,0.06035688675198023,0.14135832061181966,0.08733171221568098,0.07846647593151515
5.77,0.02933154950670306,0.06031126939812577,0.1405002652587237,0.08728841095591534,0.07842370549824461
5.78,0.029313017059963087,0.060266793026082885,0.13963662310420044,0.08725039108972842,0.07837990105428236
5.79,0.029288424881301196,0.06022873887922632,0.13876767567748707,0.08721255488831503,0.0783370092451463
5.8,0.02925895420797613,0.060204074508712485,0.13789586054351058,0.08717527568973453,0.0782946381513894
5.81,0.029174940786323825,0.06018894375474595,0.13747892651541932,0.08713770483957818,0.07825281104922145
5.82,0.029068244858991635,0.06017763834302839,0.13770249182081196,0.0870990905928452,0.07821122125949008
5.83,0.02896140602639387,0.060166672250419384,0.13792095563182544,0.08706597954208281,0.07817324900320007
5.84,0.028854171731419687,0.06015511434399996,0.1381369283397274,0.08703181701091701,0.0781358494717089
5.85,0.028747648347346087,0.06014288838183293,0.13834719776695786,0.0870023683707992,0.07809679807949226
5.86,0.028640428656943374,0.060128516201628276,0.13855324370803937,0.08697524494751309,0.0780556649127729
5.87,0.028533975631527955,0.06011181595102537,0.13875582334811784,0.08694621727801757,0.0780143263133218
5.88,0.028427096515895374,0.06009263338954206,0.1389526605112118,0.08692065543265713,0.07797029411485418
5.89,0.028320714628352128,0.06007193092335416,0.1391464813881675,0.08689839977485732,0.07792428425150115
5.8999999999999995,0.02821418363745523,0.060049505623730494,0.13933562460345575,0.08687733395499361,0.07787638189216065
5.91,0.028108202114588882,0.060024700735597444,0.13952051337439225,0.08685315015999155,0.07782735277385987
5.92,0.028002046462340745,0.05999780628565611,0.1397019964771857,0.08682631625190153,0.07777760930146684
5.93,0.027896865244045603,0.059969790277107256,0.13988012115787926,0.08679556871260406,0.07772657410950586
5.9399999999999995,0.0277920766627551,0.05994138806566988,0.1400557486228398,0.08676061738508499,0.07767403778573588
5.95,0.02768820091445162,0.05991236475968123,0.14023209423088226,0.08672381599374522,0.07761983937541657
5.96,0.027586216312960876,0.05988334876485868,0.1404134386798881,0.08668747286642012,0.07756388499105726
5.97,0.027487393160538498,0.05985541650335087,0.14060289163201745,0.08666035320656539,0.0775126136458668
5.9799999999999995,0.027391007731295172,0.05982746577221891,0.14079466706400098,0.08662872248099934,0.07745909090475273
5.99,0.027295576487198037,0.059801907534765726,0.14098639115464576,0.08659546635838439,0.07740310092415331
