T,E,Fy,uy,Sa,R,miu,maxDisp,maxVel,maxAccel,Ec,Ev,maxReaction,CD,CPD,resDisp,solving_converge
0.02,98696.04401089359,9800.0,0.09929475996949101,0.5398907010265239,0.5398907010265239,0.5398907010265237,0.0536083175681889,5.3332892631258995,5292.004942406053,0.0001101867075745494,114.63830587209246,5292.0049424060535,5.386877760736398,0.0,4.81151389923182e-05,1.0
0.04,24674.011002723397,9800.0,0.39717903987796405,0.6022761841935913,0.6022761841935913,0.6022761841935914,0.23921147657937447,26.733027953440676,5898.776609679914,0.009068891531563997,3295.4663219635345,5898.776609679914,36.59823411686726,0.0,0.00019303602199448748,1.0
0.06,10966.22711232151,9800.0,0.8936528397254191,0.6607596819836917,0.6607596819836917,0.6607596819836917,0.590489766180791,48.996861972027666,6504.614574173644,0.0036070498280953967,12693.369834785346,6504.614574173651,96.43926394942895,0.0,0.0004422821431353925,1.0
0.08,6168.502750680849,9800.0,1.5887161595118562,0.902578900549225,0.902578900549225,0.9025789005492241,1.4339416845369968,85.89097198112106,8865.448997660089,-0.0016363451778794022,22925.710915515818,8865.448997660103,157.36634868808412,0.0,0.0007953052015344011,1.0
0.1,3947.8417604357433,9800.0,2.4823689992372757,1.2072208244159761,1.2072208244159761,1.2494788209778342,3.1016674903989174,133.92933775878782,10311.812450428497,5918.127793534896,35897.05630496105,10311.812450428479,232.7092690329622,0.6192984911616417,-0.6055467390830254,1.0
0.12000000000000001,2741.5567780803767,9800.0,3.5746113589016772,1.3750009831617702,1.3750009831617702,1.389345641485526,4.966370711494699,190.4133876613188,10301.831335397876,34165.98893360135,103940.69519810939,10301.83133539789,402.12206783606194,3.5845088231407303,-1.362600906658795,1.0
0.13999999999999999,2014.2049798141552,9800.0,4.865443238505059,1.682241954307073,1.682241954307073,1.4806096239143396,7.203822083539542,255.31785550134137,10523.842045459529,68472.54782539315,135544.2378326863,10523.84204545957,516.1473118168896,7.170726092606039,-2.014804482184989,1.0
0.16,1542.1256876702123,9800.0,6.354864638047425,1.5132129800654757,1.5132129800654757,1.3774676639930463,8.753620547963202,299.9817453639825,10640.931676799744,45842.69311835109,161719.6450747779,10640.931676799722,697.2610292203348,4.7848847270553305,1.7262098057995974,1.0
0.18,1218.4696791468346,9800.0,8.042875557528772,1.364335071646774,1.364335071646774,1.5922098968219982,12.805946061605058,330.69101375325516,10555.45097775104,55153.235017552426,344701.80235919554,10555.450977751161,1006.7176557400445,5.741511002312279,4.669138688126171,1.0
0.19999999999999998,986.960440108936,9800.0,9.9294759969491,1.917180149570326,1.9171801495703262,1.7947959816002323,17.821383618720205,371.74014840856455,10746.66518034797,194875.25689998388,349426.5897414866,10746.665180348014,1020.9905706653296,20.3097051373211,-7.72583194288499,1.0
0.22,815.6697852139966,9800.0,12.014665956308413,1.9731184928523526,1.9731184928523526,1.9233825421602948,23.108798750251225,463.5022767022271,10983.314018854559,164723.4956949399,321310.192474413,10983.314018854448,982.682639550298,17.0806765250692,-10.871141139795052,1.0
0.24,685.3891945200944,9800.0,14.298445435606705,1.242139649593757,1.242139649593757,1.2842986255884106,18.363473821000575,424.430612431816,10356.94216865973,54945.54841877664,377396.9486356539,10356.942168659933,1129.5210952384305,5.730945028382518,-3.9565265364048536,1.0
0.26,584.0002604194887,9800.0,16.780814434843982,1.140146275833274,1.140146275833274,1.1501800885137086,19.30095863200097,445.7193739379428,10327.177227162498,24155.722858146877,367448.67815883167,10327.17722716262,1228.5669372717737,2.520144197156988,-2.479617326423109,1.0
0.28,503.5512449535385,9800.0,19.461772954020248,1.4035551846929268,1.4035551846929268,1.2681988019281454,24.681397143686063,458.92441226730335,10421.581560367045,106778.898562948,384405.437800936,10421.581560366778,1297.598617030406,11.141502764479778,-0.6585519342544376,1.0
0.30000000000000004,438.64908449286025,9800.0,22.341320993135486,1.7737708938762318,1.7737708938762318,1.2295326679046548,27.469384005204148,575.9401270914469,10619.848407805464,224385.3043072373,524279.0407994075,10619.848407805435,1591.7696200903038,23.405411982387502,-5.000455954969024,1.0
0.32,385.5314219175531,9800.0,25.4194585521897,1.5767718570366467,1.5767718570366467,1.1725515462356149,29.805625429842156,630.3737626398774,10468.426271582583,177141.47884579698,525766.159464454,10468.426271582779,1502.542758156054,18.45411872670634,-1.3601309807994282,1.0
0.34,341.50880280586006,9800.0,28.696185631182914,1.0149675498892727,1.0149675498892727,1.0151766987112847,29.131698994670476,610.2550586747859,9957.526606134303,4176.5422381497065,462076.5846359525,9957.526606134361,1519.2764292471081,0.4355133634875621,-0.33507311135458867,1.0
0.36000000000000004,304.6174197867085,9800.0,32.171502230115095,0.7824873523761404,0.7824873523761404,0.782487352376135,25.173793602005684,500.4819521024008,7705.556556330026,0.10754261322420726,344732.97654885735,7705.556556329963,1488.380992784535,0.0,0.026496217589313545,1.0
0.38,273.39624379748915,9800.0,35.84540834898626,0.7840088549107933,0.7840088549107933,0.7840088549107965,28.103117553498624,540.311969345021,7718.14284089193,0.38861410508480965,280527.3324994624,7718.142840891968,1378.69188158229,0.0,0.05332376923377989,1.0
0.4,246.74011002723395,9800.0,39.71790398779641,0.6927185650830732,0.6927185650830732,0.6927185650830772,27.513329458533757,518.1014928959829,6807.144436958182,1.0879827942492215,257753.03042593176,6807.144436958015,1348.0468930396064,0.0,0.09388008471332342,1.0
0.42000000000000004,223.8005533126838,9800.0,43.78898914654555,0.5914107516504921,0.5914107516504921,0.5914107516504923,25.897278985173756,455.52632920599535,5807.479590608488,0.05779398543441541,272303.13185080135,5807.479590608327,1499.7413262828513,0.0,-0.022894511621424748,1.0
0.44,203.91744630349916,9800.0,48.05866382523365,0.684004826906317,0.684004826906317,0.6840048269063174,32.87235803112784,438.85722742572676,6730.102681618708,1.0270392558630683,345657.4178198901,6730.102681619239,1760.4076466652587,0.0,-0.10036790037233285,1.0
0.46,186.57097166520524,9800.0,52.526928023860755,0.7857594911600428,0.7857594911600428,0.7857594911600506,41.27353223622943,500.1998744757497,7731.185724139552,0.12025124188587447,486279.6202381709,7731.185724139305,1976.3788250919717,0.0,-0.03597742893917637,1.0
0.48000000000000004,171.34729863002354,9800.0,57.193781742426836,0.9118483011310846,0.9118483011310845,0.9118483011310876,52.15205271709413,618.3619635450824,8966.44432167145,0.5570695648112182,609266.8921101317,8966.444321671801,2100.5670359195146,0.0,0.08058493355245187,1.0
0.5,157.91367041742973,9800.0,62.05922498093189,1.0077401898487295,1.0077401898487295,1.007801280120895,62.54336637909378,747.1747754999544,9898.514222166015,4647.468027541761,623439.533170318,9898.514222166279,2102.649070365064,0.4841413981618956,-0.5902662580292373,1.0
0.52,146.00006510487216,9800.0,67.12325773937593,1.031243888043385,1.031243888043385,1.0318763068384358,69.26289929907169,803.147852530946,10017.216912805985,20546.715932138137,583620.075552892,10017.216912806116,2028.1287075494638,2.139641559695761,-2.068941188209695,1.0
0.54,135.3855199052038,9800.0,72.38588001775896,0.9985617714558055,0.9985617714558055,0.998561771455789,72.28177257891959,760.577210482357,9838.044951203314,15.780484926252182,620443.0687103288,9838.044951202457,2304.743460065377,0.0,0.48283106873087617,1.0
0.56,125.88781123838463,9800.0,77.84709181608099,0.9361553689522764,0.9361553689522764,0.9361553689522899,72.87697296094609,726.630000833233,9222.979336695165,6.824444970012628,647668.0536080818,9222.979336694125,2533.792043223501,0.0,0.3292870942585265,1.0
0.5800000000000001,117.3555814636071,9800.0,83.50689313434196,0.8302733346612405,0.8302733346612405,0.8302733346612277,69.33354662984888,694.501393318196,8176.577779106184,43.933383232056364,599208.1976224652,8176.577779105568,2545.6210480858294,0.0,-0.8652935952625725,1.0
0.6,109.6622711232151,9800.0,89.3652839725419,0.7117860040565916,0.7117860040565916,0.7117860040565982,63.60895838019876,645.4670314800778,7001.44245058635,34.92591407750844,509086.25938255794,7001.4424505860225,2510.7643403342495,0.0,-0.7981035448594341,1.0
0.62,102.70139855451986,9800.0,95.42226433068087,0.6094219770205992,0.6094219770205992,0.6094219770206116,58.15242498018693,578.9831527338597,5989.477799984712,18.11740197574884,428803.9668554108,5989.47779998475,2328.5021598418907,0.0,0.5939713221612455,1.0
0.64,96.38285547938827,9800.0,101.6778342087588,0.5446576398494191,0.5446576398494191,0.5446576398494124,55.379609205142415,530.4758937908558,5353.847125170031,139.60574989207225,415309.2556916596,5353.8471251700485,2452.802263333544,0.0,1.702035622817002,1.0
0.66,90.62997613488848,9800.0,108.13199360677575,0.5587706032234229,0.5587706032234229,0.5587706032234191,60.42097929540898,524.8757699999665,5497.425164872179,96.90898433241307,446708.55436619325,5497.425164872212,2660.5935742687407,0.0,1.46238457450952,1.0
0.68,85.37720070146501,9800.0,114.78474252473166,0.575843741507632,0.575843741507632,0.5758437415076381,66.09807560343236,564.7885704204679,5665.696314442612,5.909741640097634,517250.035380908,5665.696314441651,2753.8021322366385,0.0,-0.37208649904617064,1.0
0.7000000000000001,80.56819919256618,9800.0,121.63608096262651,0.5911288054271198,0.5911288054271198,0.5911288054271276,71.90259123627479,621.5735975207916,5818.117793512101,108.12218077236473,663466.6575632339,5818.117793511832,3046.8248366712523,0.0,-1.6382940679625422,1.0
0.7200000000000001,76.15435494667713,9800.0,128.68600892046038,0.6686583124151128,0.6686583124151128,0.6686583124151164,86.04696955619166,679.7409170151337,6586.362992825294,79.68714771157359,882717.0444635435,6586.362992824789,3579.3865349721154,0.0,-1.446646149131107,1.0
0.74,72.09353105251539,9800.0,135.93452639823323,0.7021658957429683,0.7021658957429683,0.7021658957429681,95.44858849081157,743.0561438866998,6913.146862580219,62.98179006977736,1065689.6644121672,6913.146862581212,4006.7661041138745,0.0,-1.321822918952249,1.0
0.76,68.34906094937229,9800.0,143.38163339594504,0.6720679003919656,0.6720679003919656,0.6720679003920009,96.36219331118839,769.6022127529928,6618.60962837603,12.429584414400185,1061233.1021491524,6618.609628375777,3989.1593215986686,0.0,-0.6030820635889262,1.0
0.78,64.8889178243876,9800.0,151.0273299135959,0.6170505247410205,0.6170505247410205,0.6170505247410185,93.19149317341927,715.5059986774627,6072.206634389302,30.31192873790788,891013.9741901264,6072.2066343898005,3672.3672587148394,0.0,0.9665594709501824,1.0
0.8,61.68502750680849,9800.0,158.87161595118565,0.612669768393564,0.612669768393564,0.6126697683935709,97.33583614912526,629.5850952537836,6024.40234523591,145.84652349887992,685352.9413882839,6024.40234523622,3250.9567021774665,0.0,2.1745663446034436,1.0
0.8200000000000001,58.71269721052562,9800.0,166.91449150871443,0.6052474340410562,0.6052474340410562,0.605247434041066,101.02456768991871,623.391411199611,5954.259641870052,83.60978492727256,529998.9388205697,5954.259641869041,2942.843236435756,0.0,1.6876416707906057,1.0
0.8400000000000001,55.95013832817095,9800.0,175.1559565861822,0.5952909182823753,0.5952909182823753,0.5952909182823803,104.26875023881716,603.7829690964534,5861.304139404298,0.25476847696734556,434287.7743435632,5861.30413940358,2768.7970215677788,0.0,0.0953481965575485,1.0
0.86,53.37806598750329,9800.0,183.5960111835889,0.5838215881789968,0.5838215881789968,0.5838215881789933,107.1873148325311,609.3255660365244,5753.366623265586,44.811240267934004,393101.68694262585,5753.366623265483,2741.7582815837454,0.0,-1.2957535639682702,1.0
0.88,50.97936157587479,9800.0,192.2346553009346,0.5721307174438713,0.5721307174438713,0.5721307174438754,109.9833512548998,613.7539100750884,5642.217435753403,99.00092606623123,399555.7090866015,5642.217435754159,2903.518900276925,0.0,-1.9707752517174222,1.0
0.9,48.738787165873376,9800.0,201.0718889382193,0.5614909905523862,0.5614909905523862,0.561490990552395,112.90005409216191,630.5835541376664,5539.634277229715,47.99801410863862,438150.66178194946,5539.634277230302,3207.251743530054,0.0,-1.4034326514179087,1.0
0.92,46.64274291630131,9800.0,210.10771209544302,0.5528197627339265,0.5528197627339265,0.5528197627339231,116.15169554917024,659.0674434950711,5453.53894835392,1.3697648607346116,478384.401744241,5453.538948353099,3484.743844019161,0.0,-0.24236995468904451,1.0
0.9400000000000001,44.679060213170466,9800.0,219.3421247726057,0.5465920457802993,0.5465920457802993,0.5465920457803016,119.89066070525672,694.5234608711551,5391.871378976188,44.3271193289177,494660.7127885239,5391.87137897636,3606.3570224028017,0.0,1.4086287032555798,1.0
0.9600000000000001,42.836824657505886,9800.0,228.77512696970734,0.5428964921435873,0.5428964921435873,0.5428964921435825,124.20121392155681,723.841862810046,5353.596769012098,374.3759497051725,501487.39494934434,5353.596769012557,3578.2140735298813,0.0,4.180815801450289,1.0
0.98,41.1062240778399,9800.0,238.40671868674792,0.541302714792338,0.541302714792338,0.541302714792349,129.0502040498725,746.7051095683819,5336.049295410841,642.4514408349207,522605.52793426515,5336.049295408627,3523.2398959259936,0.0,5.590892635857027,1.0
1.0,39.47841760435743,9800.0,248.23689992372755,0.5411958411171216,0.5411958411171216,0.5411958411171179,134.34477785052755,764.5119008129118,5334.0872910524195,636.1643766172602,565180.5331428486,5334.0872910525495,3549.181963366277,0.0,5.677012131220937,1.0
1.02,37.945422533984456,9800.0,258.26567068064617,0.5419721519561651,0.5419721519561651,0.5419721519561799,139.97280131519588,774.7150600519406,5340.385884352865,388.92349655208943,640195.8354449878,5340.385884353688,3777.5437603443634,0.0,4.527593198736032,1.0
1.04,36.50001627621804,9800.0,268.4930309575037,0.5429874009054801,0.5429874009054801,0.542987400905462,145.78833304084472,838.0983036153821,5347.698519204732,37.32373462408761,758479.0551416113,5347.698519205456,4242.559700451976,0.0,1.4300862779784442,1.0
1.06,35.13565112527361,9800.0,278.9189807543003,0.5438939042436494,0.5438939042436494,0.5438939042436571,151.70233341011786,907.6856218597666,5352.911424094158,195.6193908911456,909077.5259924954,5352.9114240930385,4799.076524069192,0.0,-3.3369355254704614,1.0
1.08,33.84637997630095,9800.0,289.54352007103586,0.5489910714739321,0.5489910714739321,0.5489910714739128,158.95680732212634,955.0720718075369,5411.919644360552,945.7121846266162,1057405.0332946675,5411.919644358579,5191.406537477652,0.0,-7.475468143481166,1.0
1.1,32.62679140855985,9800.0,300.36664890771044,0.5516101964686098,0.5516101964686098,0.5516101964686212,165.68530621660352,976.6336945524598,5439.129067266943,1502.1274542904537,1186846.431550797,5439.129067269003,5497.489405316553,0.0,-9.595801242302153,1.0
1.12,31.471952809596157,9800.0,311.38836726432396,0.5467351780266645,0.5467351780266645,0.5467351780266642,170.24697441169243,969.8290663456456,5370.401882493723,1297.2559432412754,1319544.0521175016,5370.401882491666,5804.759362665052,0.0,-9.079583403673482,1.0
1.1400000000000001,30.377360421943226,9800.0,322.60867514087647,0.5584555219162601,0.5584555219162601,0.5584555219162596,180.1625960505112,968.9642762678418,5500.529498823248,365.7327573038605,1480323.86404066,5500.529498822122,6349.287999435165,0.0,-4.907068322852923,1.0
1.1600000000000001,29.338895365901774,9800.0,334.02757253736786,0.5652035556400365,0.5652035556400365,0.5652035556400361,188.7935716799304,1015.9556760698258,5567.018945993615,4.891841706868376,1646823.7065652185,5567.01894599179,6912.318114501841,0.0,0.5775033054610624,1.0
1.18,28.35278483507429,9800.0,345.6450594537982,0.5557244491509366,0.5557244491509366,0.5557244491509395,192.08341026670573,1042.4334702081212,5474.186024631149,256.4213283875872,1767166.916239061,5474.186024629193,7171.95503697452,0.0,4.252991606420569,1.0
1.2,27.415567780803777,9800.0,357.4611358901676,0.5526081923784404,0.5526081923784404,0.5526081923784402,197.53595214980948,1036.9311272020432,5433.472929663083,643.6731795295202,1813695.6179319674,5433.472929662832,7142.854922668806,0.0,6.852496734367806,1.0
1.22,26.524064501718243,9800.0,369.4758018464761,0.5532967734411328,0.5532967734411328,0.5532967734411406,204.42976902623343,996.3495870489223,5442.740252422241,911.5974662909255,1786689.3266200426,5442.740252424099,7066.525190584426,0.0,8.290800573171785,1.0
1.24,25.675349638629964,9800.0,381.6890573227235,0.5534053945041965,0.5534053945041965,0.5534053945042173,211.22878334562463,1060.225378092666,5445.384144074042,998.7569786446323,1697021.5171466644,5445.384144074101,7065.773028137173,0.0,8.820368386483388,1.0
1.26,24.866728145853763,9800.0,394.10090231890985,0.5529961353151139,0.5529961353151139,0.5529961353151033,217.93627590655217,1118.2401406764718,5441.798321032167,773.9934684442583,1555782.9138234027,5441.798321030621,6854.679614737457,0.0,7.889952131452873,1.0
1.28,24.095713869847067,9800.0,406.7113368350352,0.5521357046950013,0.5521357046950013,0.5521357046950126,224.55985057086278,1171.1457165058714,5433.562873270581,444.9095437613046,1382035.990542465,5433.5628732699015,6374.857731034067,0.0,6.076885562753946,1.0
1.3,23.36001041677954,9800.0,419.5203608710996,0.5508396006139932,0.5508396006139932,0.5508396006140098,231.08842803168181,1218.5982886287777,5421.8873522375,340.5359299717201,1207298.6005506578,5421.887352237546,5797.862767243852,0.0,5.399578881087039,1.0
1.32,22.65749403372212,9800.0,432.527974427103,0.5490826361558782,0.5490826361558782,0.5490826361558948,237.49360040960318,1259.8774589872642,5405.835491997349,332.1108758628401,1061073.9666129379,5405.835491996263,5400.719849673597,0.0,5.414399849194667,1.0
1.34,21.986198264845974,9800.0,445.7341775030452,0.5467894588479786,0.5467894588479786,0.5467894588479827,243.72274970694076,1295.4274463049705,5385.296393113624,392.7987065220643,960161.1363232894,5385.296393112876,5155.015530753011,0.0,5.977576192391341,1.0
1.36,21.344300175366254,9800.0,459.1389700989266,0.5438040305044941,0.5438040305044941,0.5438040305044698,249.68162250146756,1326.0774612461992,5359.02083725145,530.2722136255949,911013.1740591223,5359.0208372507195,5123.03995832858,0.0,7.048929481952735,1.0
1.3800000000000001,20.730107962800577,9800.0,472.7423522147469,0.5401573080687966,0.5401573080687966,0.54015730806879,255.3552363824255,1350.6334887471912,5326.298038265666,652.2717865719203,915588.3792798967,5326.298038266033,5316.440533061022,0.0,7.9328369628678965,1.0
1.4000000000000001,20.142049798141546,9800.0,486.54432385050603,0.5357139999999999,0.5357139999999999,0.5357140000000359,260.64860590726744,1369.190541808112,5286.298486462327,578.3490612079173,974169.0399816446,5286.298486460444,5721.324812658549,0.0,7.578059374857545,1.0
1.4200000000000002,19.57866375935203,9800.0,500.54488500620425,0.5305126303892086,0.5305126303892086,0.5305126303892493,265.54538357252574,1383.213693494217,5238.770427318465,214.9873018494742,1083294.0085984822,5238.770427321699,6314.958064019263,0.0,4.686300516401694,1.0
1.44,19.03858873666929,9800.0,514.7440356818414,0.524723941428892,0.524723941428892,0.5247239414288949,270.09851922999155,1391.813140023035,5183.349512808165,5.345845981614274,1229991.8769377396,5183.349512811976,7004.793765794604,0.0,-0.7494040530629295,1.0
1.46,18.520556203958265,9800.0,529.1417758774176,0.5186249397047165,0.5186249397047165,0.5186249397047356,274.42612160968235,1394.9183435074451,5119.989340705188,301.44448346324526,1390323.003385948,5119.989340705032,7594.143658051932,0.0,-5.705471125411814,1.0
1.48,18.023382763128847,9800.0,543.7381055929329,0.5123516384881366,0.5123516384881366,0.5123516384881324,278.58510930897233,1393.0305574844447,5049.591302978721,447.1745165872657,1538308.012922556,5049.591302975024,7997.446417487482,0.0,-7.044260709896267,1.0
1.5,17.54596337971441,9800.0,558.533024828387,0.50589067745635,0.50589067745635,0.5058906774563602,282.5566503121828,1387.411023046022,4980.888592354479,393.28378645664236,1658010.6394638747,4980.8885923510425,8253.133258622056,0.0,-6.695443724324838,1.0
1.52,17.087265237343072,9800.0,573.5265335837802,0.4993548918241093,0.4993548918241093,0.49935489182411413,286.3932801359877,1377.1634252412382,4915.964004420572,613.6627476096706,1748140.7506663934,4915.964004416155,8342.283197714172,0.0,-8.475076667190645,1.0
1.54,16.646322147224417,9800.0,588.7186318591123,0.5007366419966135,0.5007366419966135,0.5007366419966004,294.7929907979647,1362.6613471449841,4937.886995976087,1201.5835324842324,1817510.020063208,4937.886995976926,8364.99282358376,0.0,-12.015250691795847,1.0
1.56,16.2222294560969,9800.0,604.1093196543836,0.5010899813240769,0.5010899813240769,0.5010899813240669,302.71312770330985,1344.296251951888,4944.5724609035115,2013.8070362701503,1874916.3383632316,4944.572460907917,8507.397428668912,0.0,-15.756823189656716,1.0
1.58,15.814139402482546,9800.0,619.6985969695935,0.4999399754101072,0.4999399754101072,0.4999399754101162,309.8121013306621,1323.203752589372,4934.524505444702,3274.9112506596553,1918932.7744558223,4934.524505446909,8820.7415557167,0.0,-20.351292807517037,1.0
1.6,15.421256876702122,9800.0,635.4864638047426,0.4973570317743816,0.4973570317743816,0.49735703177435814,316.06366137070984,1299.332540767188,4909.276596287461,4689.808293902744,1936611.5161968712,4909.276596291895,9146.637519702976,0.0,-24.662245950431526,1.0
1.62,15.042835545022642,9800.0,651.4729201598308,0.4936513385059028,0.49365133850590287,0.4936513385058501,321.6004790372153,1272.7024832735897,4871.643779717307,4770.382683452853,1914087.5102040016,4871.643779713403,9258.892140598335,0.0,-25.18411837856909,1.0
1.6400000000000001,14.678174302631405,9800.0,667.6579660348577,0.48916398187923976,0.48916398187923976,0.48916398187923626,326.5942291990029,1243.6866644995753,4823.2555498893,3511.9785998402667,1849049.0313901894,4823.2555498921265,9103.14153038705,0.0,-21.875345343462694,1.0
1.6600000000000001,14.326614023935777,9800.0,684.0416014298237,0.48454508613830594,0.48454508613830594,0.48454508613833913,331.44899668702135,1212.6368834075565,4769.518356751181,2473.2016876324474,1753036.5522073563,4769.518356755499,8791.074145959532,0.0,-18.581167153653183,1.0
1.6800000000000002,13.987534582042738,9800.0,700.6238263447289,0.48034625907746303,0.48034625907746303,0.4803462590774905,336.54203400524784,1179.8797354437713,4723.014978600804,2015.5033492491677,1643658.6658200524,4723.014978602189,8428.866540389865,0.0,-16.976030184844554,1.0
1.7,13.660352112234406,9800.0,717.4046407795726,0.47650261856707804,0.47650261856707804,0.47650261856704956,341.8451899036199,1174.3291614130221,4687.112619714941,1527.6174906032886,1536942.788938792,4687.112619719003,8008.089618814601,0.0,-14.955170212734773,1.0
1.72,13.344516496875823,9800.0,734.3840447343556,0.4724388519133689,0.47243885191336893,0.4724388519133711,346.9515549577967,1188.169395916379,4651.392947306917,791.8451778241007,1445476.880265818,4651.392947305616,7542.305817896818,0.0,-10.893908073521951,1.0
1.74,13.039509051511901,9800.0,751.5620382090775,0.4678246586763516,0.4678246586763516,0.4678246586763545,351.599253999267,1211.8010377081291,4610.319640831964,202.0084092780673,1379105.6122917065,4610.31964083147,7105.228959237978,0.0,-5.566331285321089,1.0
1.76,12.744840393968698,9800.0,768.9386212037384,0.4624843740683963,0.4624843740683963,0.46248437406839243,355.62209692442366,1250.7110049516293,4561.785585706246,0.0029726360989319467,1344159.8061877252,4561.785585706022,6862.157802597908,0.0,0.021461206095762925,1.0
1.78,12.460048480102712,9800.0,786.5137937183384,0.4563943847253894,0.4563943847253894,0.45639438472537813,358.96047896210405,1287.3189974011184,4505.465167785665,198.3248988241942,1342158.8916984121,4505.465167787393,6933.110255316835,0.0,5.642140536416868,1.0
1.8,12.184696791468344,9800.0,804.2875557528772,0.44967277513615733,0.44967277513615733,0.4496727751361461,361.6662172028641,1310.6277281720952,4440.403024411572,679.4248904596578,1370818.4756261762,4440.403024412399,7276.790388144303,0.0,10.560352587724255,1.0
1.82,11.918372661622216,9800.0,822.2599073073552,0.4482269485925843,0.4482269485925843,0.4482269485925709,368.559049202386,1319.4111582498524,4419.971881608782,1090.421909074296,1427059.9072963726,4419.97188160833,7737.267438383195,0.0,13.527070147664949,1.0
1.84,11.660685729075327,9800.0,840.4308483817721,0.44906578692828103,0.4490657869282811,0.4490657869283158,377.4087402873925,1314.226048462112,4427.300611074057,1221.8223040491491,1508911.6365789443,4427.300611070279,8315.888863639924,0.0,14.476278348228737,1.0
1.86,11.41126650605776,9800.0,858.800378976128,0.4487146052185446,0.44871460521854467,0.44871460521858136,385.3562730138413,1295.0749596917854,4422.552650572468,1204.686562141381,1614131.5391441633,4422.552650574614,8996.770594454612,0.0,14.53065137714412,1.0
1.8800000000000001,11.169765053292616,9800.0,877.3684990904228,0.44763113549369865,0.44763113549369865,0.44763113549373557,392.7374574942805,1262.6824092172553,4408.086129021456,1037.9540037783345,1736571.6983093382,4408.086129022039,9758.06044132674,0.0,13.632704882681404,1.0
1.9000000000000001,10.935849751899562,9800.0,896.1352087246568,0.44635250894235556,0.4463525089423555,0.4463525089424452,399.99219876591235,1258.0894344431572,4391.9864636637,491.0424207823953,1863576.1807659047,4391.9864636628945,10519.08807034476,0.0,9.476507615393961,1.0
1.9200000000000002,10.709206164376472,9800.0,915.1005078788294,0.4445085988715227,0.44450859887152266,0.4445085988715393,406.7700445838525,1295.454562374594,4377.766903031324,0.036105447583836325,1977139.9094674897,4377.766903031845,11154.655511792163,0.0,0.08217939851707551,1.0
1.94,10.48953597735079,9800.0,934.264396552941,0.4417952376651607,0.4417952376651607,0.4417952376651389,412.7535611171841,1331.0271854351731,4353.96347642375,857.8039091814915,2058903.9610092326,4353.963476424163,11577.51309019484,0.0,-12.788830207796133,1.0
1.96,10.276556019459974,9800.0,953.6268747469917,0.43802626525975646,0.4380262652597565,0.4380262652597781,417.713618396779,1365.4734587024152,4319.964615306369,2904.2603605416302,2096266.797108921,4319.964615308479,11770.014250292515,0.0,-23.774368968454265,1.0
1.98,10.069997348320944,9800.0,973.1879424609815,0.4332250440196359,0.43322504401963585,0.43322504401961204,421.6093892120144,1394.7102447613831,4274.522654960053,3936.766119608495,2086272.7933374054,4274.522654958184,11736.13734335869,0.0,-27.962122162796227,1.0
2.0,9.869604401089358,9800.0,992.9475996949102,0.4275402061819146,0.4275402061819146,0.4275402061819144,424.5250215013989,1418.6194173971646,4218.468369476564,3025.435194156665,2035903.20664998,4218.468369478104,11474.899404738604,0.0,-24.760479161338147,1.0
2.02,9.675134203597056,9800.0,1012.9058464487781,0.4211025793106071,0.42110257931060713,0.42110257931064093,426.53726453840846,1437.314514083339,4153.430285767368,1535.2295560170126,1959105.5258486262,4153.430285763853,11031.959753467607,0.0,-17.814479669178404,1.0
2.04,9.486355633496114,9800.0,1033.0626827225847,0.4141498611028823,0.4141498611028823,0.41414986110295815,427.8427665602078,1451.0169825051553,4082.810446490901,618.3780488814798,1871772.478053613,4082.810446489662,10494.09528838688,0.0,-11.418058996783223,1.0
2.06,9.303048733235325,9800.0,1053.4181085163304,0.4069299977698402,0.4069299977698402,0.40692999776985245,428.66742854927253,1460.0393640977354,4008.678024343191,236.59024571093838,1786914.847624365,4008.6780243453154,9967.220589521801,0.0,-7.131823286037867,1.0
2.08,9.12500406905451,9800.0,1073.9721238300149,0.399765580093916,0.399765580093916,0.3997655800939053,429.3370890875894,1464.754541855106,3934.760484909369,57.26754168199693,1712068.0075365535,3934.760484913148,9510.568815499306,0.0,-3.5428525117092264,1.0
2.1,8.952022132507354,9800.0,1094.7247286636386,0.3930057580349883,0.3930057580349883,0.39300575803494414,430.2331218280518,1465.56531674719,3865.706269151292,7.08376905704235,1649338.9208422457,3865.7062691528763,9152.855765842825,0.0,1.258023416401819,1.0
2.12,8.783912781318403,9800.0,1115.6759230172013,0.3864457411168502,0.3864457411168502,0.3864457411168294,431.148208916585,1471.2379165799837,3803.3446925831627,231.8523153718878,1597202.668323616,3803.3446925822964,8922.642399692422,0.0,7.265691822360932,1.0
2.14,8.62049471664718,9800.0,1136.825706890703,0.3797505452117467,0.3797505452117467,0.37975054521182666,431.71018200256475,1478.6246728723117,3740.315953316102,666.4834743682011,1552715.013285063,3740.3159533150883,8816.980005078396,0.0,12.434939202827886,1.0
2.16,8.461594994075238,9800.0,1158.1740802841434,0.3726977356382657,0.3726977356382657,0.37269773563828806,431.6488571968571,1481.9529239431347,3673.7070539893543,907.8491964118234,1513067.3214793121,3673.7070539885212,8732.253424296085,0.0,14.648585899201347,1.0
2.18,8.307048565852503,9800.0,1179.7210431975227,0.36571992623541544,0.36571992623541544,0.36571992623540805,431.44749289655664,1481.360221928012,3602.339419985734,788.1192185176923,1476185.7976509444,3602.3394199816903,8682.521074324744,0.0,13.774871771295578,1.0
2.2,8.156697852139963,9800.0,1201.4665956308418,0.3630904282198368,0.3630904282198368,0.3630904282198586,436.24102069945803,1477.3489840036984,3574.7032450915644,586.8370685404706,1440656.1948130773,3574.7032450888164,8641.474330469753,0.0,11.995452874013955,1.0
2.22,8.010392339168376,9800.0,1223.410737584099,0.36034396905540805,0.36034396905540805,0.36034396905535265,440.84868096599075,1469.9038177794027,3547.2623015242084,599.6105122189058,1405391.3538197742,3547.2623015270574,8614.986152936806,0.0,12.235529705787664,1.0
2.24,7.867988202399039,9800.0,1245.5534690572958,0.3573992620570405,0.3573992620570405,0.3573992620570324,445.15989069365423,1459.3098958866312,3519.4720878041244,1014.2891429687313,1369452.7640383593,3519.472087807892,8599.84431762607,0.0,16.056986892703566,1.0
2.2600000000000002,7.729347952924549,9800.0,1267.894790050431,0.35423421853209686,0.35423421853209686,0.35423421853213777,449.1317201344834,1445.7441560124416,3490.053739493974,1979.1076295479804,1332223.0621185836,3490.0537394961007,8577.710945283225,0.0,22.629673602224788,1.0
2.2800000000000002,7.594340105485807,9800.0,1290.4347005635059,0.3508192616039631,0.3508192616039631,0.3508192616040188,452.7093487998922,1429.463657430966,3457.929625205886,3286.2288636527423,1293729.2511997258,3457.929625210093,8466.292714082634,0.0,29.418389665490434,1.0
2.3000000000000003,7.462838866608209,9800.0,1313.173200596519,0.34720825506836495,0.34720825506836495,0.34720825506837205,455.9445755816667,1410.7250179453013,3422.896475901961,4298.426972661768,1254790.7197652538,3422.896475901405,8295.524053238301,0.0,33.940461405658475,1.0
2.3200000000000003,7.334723841475443,9800.0,1336.1102901494714,0.34336848829530775,0.34336848829530775,0.343368488295291,458.7781705244066,1389.3974021223873,3385.416285466884,4571.88575419539,1216876.8336520183,3385.416285468816,8102.946667620477,0.0,35.307811652188256,1.0
2.34,7.209879758265292,9800.0,1359.2459692223624,0.33929874839352525,0.33929874839352525,0.33929874839351626,461.1904561160795,1366.206398786675,3346.1466007238923,4311.076679138668,1181724.3406468325,3346.14660072458,7949.367863577291,0.0,34.58150158384473,1.0
2.36,7.088196208768572,9800.0,1382.5802378151927,0.3350026669265892,0.3350026669265892,0.3350026669265655,463.1680669080547,1340.8428597069906,3305.2997914180823,4062.373050250788,1150806.677227622,3305.299791419824,7890.208279902039,0.0,33.856109024663354,1.0
2.38,6.969567404201229,9800.0,1406.113095927962,0.3304820361299069,0.3304820361299069,0.33048203612991567,464.6951189712123,1313.9713486180544,3262.2018362426243,4217.705430681307,1124830.2587795225,3262.2018362413874,7880.471222031581,0.0,34.78966115110779,1.0
2.4,6.853891945200944,9800.0,1429.8445435606704,0.3257603634633651,0.3257603634633651,0.32576036346337056,465.7866782064412,1285.4418054795324,3216.771232831501,4827.2582834356335,1103480.6135954256,3216.7712328347775,7937.95157005109,0.0,37.53156173609196,1.0
2.42,6.741072605074352,9800.0,1453.7745807133178,0.32085029521996444,0.32085029521996444,0.3208502952199481,466.4440034051243,1255.7701332141187,3169.54566942981,5566.732547691579,1085516.6642259194,3169.5456694326263,8034.403554603172,0.0,40.63971667934591,1.0
2.44,6.631016125429561,9800.0,1477.9032073859044,0.31576162812673064,0.31576162812673064,0.3157616281267664,466.66512297794327,1224.9526815351328,3120.438470256686,5830.924196069648,1069137.2392868353,3120.4384702570082,8129.311437277755,0.0,41.936642556454615,1.0
2.46,6.523633023391736,9800.0,1502.2304235784297,0.3105356813138859,0.3105356813138859,0.31053568131392983,466.49614807644105,1193.2767514408133,3069.6156716815167,5151.6821755734645,1052481.947716842,3069.615671677006,8197.775849611198,0.0,39.74154685212768,1.0
2.48,6.418837409657491,9800.0,1526.756229290894,0.30517735728398,0.30517735728398,0.3051773572839783,465.9314312718467,1166.2308477391516,3017.499106710141,3663.2464281521443,1034131.2992852967,3017.4991067126903,8229.606179598928,0.0,33.78468606588914,1.0
2.5,6.316546816697189,9800.0,1551.4806245232974,0.29972700761161225,0.29972700761161225,0.2997270076115849,465.02064495572085,1150.0542852565568,2964.1003098250103,2031.2789338748087,1013455.8784343939,2964.100309822361,8246.110723745453,0.0,25.360622192954107,1.0
2.52,6.216682036463441,9800.0,1576.4036092756394,0.29420019211051646,0.29420019211051646,0.29420019211053994,463.77824469264164,1132.148184219012,2909.6716802703195,868.1545349640825,990690.88885927,2909.6716802737023,8179.808655041137,0.0,16.712222422690715,1.0
2.54,6.1191669670093365,9800.0,1601.5251835479205,0.2886449389424957,0.2886449389424957,0.2886449389425133,462.2721388200869,1113.1242354493231,2854.4486475023186,306.5686571826914,966736.5731782067,2854.4486474984515,8052.902619184689,0.0,10.009972116975872,1.0
2.56,6.023928467461767,9800.0,1626.8453473401407,0.2830904658639134,0.2830904658639134,0.2830904658639214,460.5444072670735,1092.6885484963088,2798.742844246553,124.72647757185308,942814.6444015666,2798.742844242454,7879.114136692114,0.0,6.435085069551018,1.0
2.58,5.930896220833697,9800.0,1652.3641006523005,0.2775876564526773,0.2775876564526773,0.27758765645266087,458.6758783065808,1071.382736686986,2742.7887935340946,98.54692886798232,920128.834187266,2742.7887935318413,7675.390229557807,0.0,5.764702446932215,1.0
2.6,5.840002604194885,9800.0,1678.0814434843985,0.2721966302716469,0.2721966302716469,0.27219663027164614,456.7681142378331,1048.9460295787358,2686.7137244928354,126.73537157861877,899604.9042048744,2686.7137244970395,7530.523770908192,0.0,6.588058179310767,1.0
2.62,5.75118256575337,9800.0,1703.9973758364354,0.26694613347729074,0.26694613347729074,0.2669461334772934,454.87551093499076,1025.9288023584322,2631.0030781827904,140.86907947136734,881727.2594747485,2631.003078184771,7494.425326061861,0.0,6.999134843248032,1.0
2.64,5.66437350843053,9800.0,1730.111897708412,0.26183802881018603,0.26183802881018603,0.2618380288102195,453.00908891707877,1028.5229631211876,2576.927747218525,83.67593879148353,866482.9604702927,2576.927747220431,7560.867283118422,0.0,5.435494685710171,1.0
2.66,5.579515179540595,9800.0,1756.4250091003266,0.2568319422002979,0.2568319422002979,0.2568319422003129,451.1060464164392,1035.4438488660517,2527.653522729485,4.837993451232563,853419.8623348597,2527.653522732225,7663.965261585294,0.0,1.3168969106699713,1.0
2.68,5.496549566211494,9800.0,1782.9367100121808,0.2518932521237321,0.2518932521237321,0.25189325212377195,449.1097262158267,1041.4093898790265,2480.2481708490286,61.78236481427537,841790.215237596,2480.2481708528744,7776.491695761551,0.0,-4.741345986316879,1.0
2.7,5.415420796208152,9800.0,1809.647000443974,0.24700446542407653,0.24700446542407653,0.24700446542407614,446.9908899509467,1046.3436473579613,2433.723426885061,338.30211797842924,830717.5049387189,2433.723426886369,7902.952852350064,0.0,-11.177674166427051,1.0
2.72,5.336075043841563,9800.0,1836.5558803957065,0.24213629440227322,0.24213629440227322,0.24213629440223955,444.69683534165904,1050.5001107965709,2387.614827614824,688.2568019421299,819334.5351745874,2387.6148276127533,7988.780388420661,0.0,-16.06124818502066,1.0
2.74,5.258460440667781,9800.0,1863.663349867377,0.2373010524000232,0.23730105240002322,0.23730105240004357,442.24927424291917,1053.9002677023896,2341.682071332585,829.655013369084,806882.8327701414,2341.682071329986,8024.933740117132,0.0,-17.763742617782096,1.0
2.7600000000000002,5.182526990700144,9800.0,1890.9694088589877,0.23249704322612283,0.2324970432261228,0.23249704322610135,439.64479639072334,1056.4626163619453,2295.932223522727,621.7978760827376,792790.0226002277,2295.932223522884,8010.267537504762,0.0,-15.490621452480648,1.0
2.7800000000000002,5.1082264898759675,9800.0,1918.4740573705362,0.22772503305361938,0.2277250330536194,0.2277250330536385,436.8845681272533,1058.250297706687,2250.3697313432167,231.1428202084309,776731.2926280277,2250.369731345083,7951.79949877495,0.0,-9.51306198531854,1.0
2.8000000000000003,5.0355124495353865,9800.0,1946.1772954020241,0.22299152982273385,0.22299152982273385,0.22299152982273024,433.98105240796093,1059.4043659481251,2204.991905426058,2.81705670897133,758658.160350275,2204.9919054260363,7902.310144319656,0.0,-1.057810294024027,1.0
2.8200000000000003,4.964340023685608,9800.0,1974.0791229534511,0.21830339840018206,0.2183033984001821,0.21830339840020313,430.94818125163084,1060.0975520676689,2159.8028132673935,161.90260876276363,738776.759099934,2159.802813264461,7829.406029514685,0.0,8.07627735226541,1.0
2.84,4.894665939838007,9800.0,2002.179540024817,0.2136677733522852,0.2136677733522852,0.2136677733522744,427.80124416858365,1060.178108332048,2115.043611648449,629.1198950684392,717482.2335287471,2115.0436116502674,7722.935052712228,0.0,16.033200092489515,1.0
2.86,4.826448433218914,9800.0,2030.478546616122,0.20909159690287063,0.20909159690287063,0.20909159690286291,424.5560017889691,1059.69794149062,2070.6255936381044,1103.607004945293,695279.4234964821,2070.6255936419457,7601.185233818987,0.0,21.384957943270244,1.0
2.88,4.7596471841673225,9800.0,2058.9761427273656,0.2045812265091531,0.2045812265091531,0.20458122650915994,421.2278646322636,1058.706048247677,2026.5431346121463,1309.2999385533471,672719.6679881575,2026.543134614619,7447.720099885903,0.0,23.455634937475544,1.0
2.9,4.694223258544285,9800.0,2087.672328358549,0.2001422783278912,0.2001422783278912,0.2001422783279026,417.83149619979713,1057.2485340141568,1983.1228386467988,1179.3008672132282,650362.257931835,1983.122838643481,7271.332910097929,0.0,22.415344856603628,1.0
2.92,4.630139050989566,9800.0,2116.5671035096702,0.1957794580363965,0.1957794580363965,0.19577945803640168,414.38036042279975,1055.3686511228116,1940.1268943564878,848.6497485558609,628748.4728427902,1940.1268943574369,7071.939845892341,0.0,19.146184802525354,1.0
2.94,4.567358230871099,9800.0,2145.6604681807316,0.19149622744501235,0.19149622744501235,0.19149622744497394,410.8858850344266,1053.2910547481986,1897.7678867994632,509.8450455376578,608372.8736832081,1897.7678867972631,6844.92051967638,0.0,14.941753688310548,1.0
2.96,4.505845690782212,9800.0,2174.9524223717317,0.1872945777720841,0.1872945777720841,0.18729457777206798,407.35679562244997,1050.895775195098,1856.044760361604,279.38091977235,589648.4579670344,1856.0447603631735,6632.271710102793,0.0,11.135895823266832,1.0
2.98,4.445567497450276,9800.0,2204.44296608267,0.183175379644012,0.183175379644012,0.18317537964400865,403.7996772157576,1048.1829098532767,1814.9120869386961,170.60721388802548,572874.8934411636,1814.9120869413464,6460.593669579864,0.0,8.760923432022292,1.0
3.0,4.386490844928603,9800.0,2234.132099313548,0.17913758966347593,0.17913758966347593,0.17913758966348045,400.2170392608406,1045.1852866625936,1774.5874087830489,151.6312030887211,558221.047326923,1774.5874087825557,6316.729672845321,0.0,8.314775527868575,1.0
3.02,4.328584009951036,9800.0,2264.019822064365,0.17517952876744805,0.17517952876744805,0.17517952876741907,396.6099255493315,1041.9332751531808,1734.930015590483,202.7972250324754,545725.1440915973,1734.9300155894623,6229.906572596634,0.0,9.67994940749706,1.0
3.04,4.271816309335768,9800.0,2294.1061343351207,0.17130139840143283,0.17130139840143283,0.1713013984014224,392.98358889288755,1038.4548888645518,1696.0548511141874,317.7035531369841,535307.0888747295,1696.0548511167365,6213.948113240726,0.0,12.196066617023217,1.0
3.06,4.2161580593316055,9800.0,2324.391036125816,0.16750228344206422,0.16750228344206422,0.16750228344209137,389.3408061634028,1034.7758923390095,1658.050600359903,465.0562982335958,526785.2715686439,1658.0506003623018,6279.962231114601,0.0,14.852832071749958,1.0
3.08,4.161580536806104,9800.0,2354.874527436449,0.16378263704525584,0.16378263704525584,0.16378263704526444,385.6875600142626,1030.9199112409487,1620.96283683204,569.7812571341624,519894.55414270016,1620.9628368365402,6389.51657846927,0.0,16.547786970175455,1.0
3.1,4.108055942180795,9800.0,2385.556608267021,0.16014346697920095,0.16014346697920095,0.16014346697919005,382.0313059229983,1026.9085443089425,1584.9030553292712,548.8419787712015,514307.47342019685,1584.9030553249017,6523.876632468072,0.0,16.346337021552745,1.0
3.12,4.055557364024225,9800.0,2416.4372786175345,0.15658660662049892,0.15658660662049892,0.15658660662048848,378.3817135699676,1022.7614760101796,1549.8160106796818,379.9758793444806,509661.64198796905,1549.816010678104,6672.042399869453,0.0,13.688878613922936,1.0
3.14,4.004058745218612,9800.0,2447.5165384879847,0.1531162141694194,0.1531162141694194,0.1531162141694682,374.7544664904417,1018.5905492304632,1515.5679172091582,144.90129446012838,505592.33506110124,1515.567917204986,6804.5132426804485,0.0,8.507480330409951,1.0
3.16,3.9535348506206365,9800.0,2478.794387878374,0.1497296425434632,0.1497296425434632,0.14972964254349402,371.148997635848,1014.3651723905419,1482.0931293586575,3.0257873828152047,501764.15150402987,1482.0931293619483,6910.792724988127,0.0,1.2371779539896857,1.0
3.18,3.9039612361415124,9800.0,2510.270826788703,0.14642793451512176,0.14642793451512176,0.14642793451511307,367.57377224021496,1010.0472095289182,1449.2808555765566,103.19060139530255,497893.9151668956,1449.280855574787,6976.584580986456,0.0,-7.270802947272542,1.0
3.2,3.8553142191755305,9800.0,2541.9458552189703,0.1432144910222118,0.1432144910222118,0.14321449102221256,364.0434818612077,1005.6500495146585,1417.1105591772846,487.8772775001527,493760.1780579073,1417.1105591817645,7000.291538118577,0.0,-15.908909891057736,1.0
3.22,3.8075708503103107,9800.0,2573.8194731691774,0.1400826614086576,0.1400826614086576,0.14008266140864883,360.5474817869448,1001.1857014014663,1385.6346021509496,1052.323275739875,489200.6096704939,1385.6346021514375,7016.276324320039,0.0,-23.510701247096485,1.0
3.24,3.7607088862556606,9800.0,2605.891680639323,0.13703376424133495,0.13703376424133495,0.13703376424135233,357.0951462032304,996.6648946744936,1354.7399301603407,1586.587834448681,484103.3033147305,1354.7399301633936,7023.909888809434,0.0,-29.0477292411091,1.0
3.2600000000000002,3.7147067639314075,9800.0,2638.1624776294075,0.1340586584202602,0.1340586584202602,0.13405865842025855,353.6685224456637,992.0971758392042,1324.5418372387355,1877.309029958337,478398.8507697439,1324.5418372377007,7032.296121731823,0.0,-31.792202827966232,1.0
3.2800000000000002,3.669543575657851,9800.0,2670.631864139431,0.13115575754706102,0.13115575754706102,0.13115575754700512,350.2687452703775,987.4910010901472,1294.9158680327023,1811.4763805043046,472056.96078615985,1294.9158680333044,7031.125541193263,0.0,-31.421387295735727,1.0
3.3000000000000003,3.6251990453955396,9800.0,2703.2998401693935,0.12831963889334763,0.12831963889334763,0.128319638893315,346.8864593108927,982.8538248627578,1265.9513489994501,1426.3624538541085,465086.8034622857,1265.9513490016693,7003.215409488997,0.0,-28.05201241693135,1.0
3.3200000000000003,3.5816535059839443,9800.0,2736.1664057192947,0.1255448404424583,0.1255448404424583,0.12554484044249742,343.5115748301505,978.1921841290987,1238.1303079854283,883.0281644878562,457537.0694758555,1238.1303079815116,6960.224550918711,0.0,-22.20549699839244,1.0
3.3400000000000003,3.5388878773313337,9800.0,2769.2315607891355,0.12282833364683564,0.12282833364683565,0.1228283336468599,340.1400980940225,973.5117783583235,1211.686390696344,383.1654611640131,449491.5906320876,1211.686390695582,6890.252077266014,0.0,-14.715492913111833,1.0
3.36,3.4968836455106853,9800.0,2802.4953053789145,0.12017043174876121,0.12017043174876121,0.12017043174879492,336.77707082135504,968.8175451050818,1185.9177541364215,76.08619401432662,441058.924610836,1185.917754132984,6798.69453895755,0.0,-6.596709974824199,1.0
3.38,3.4556228427188675,9800.0,2835.957639488633,0.11756642244827334,0.11756642244827334,0.11756642244823813,333.41339388942885,964.1137312288952,1160.7429186525471,2.099870391297315,432357.7513727071,1160.7429186562842,6717.234908458424,0.0,1.102434949105048,1.0
3.4,3.4150880280586016,9800.0,2869.6185631182902,0.11558513460706928,0.11558513460706928,0.11558513460706549,331.68524788896144,959.4039597873947,1141.3282254120986,94.54476098415009,423502.2401146249,1141.3282254127935,6654.558298646051,0.0,7.441027362598331,1.0
3.42,3.3752622691048044,9800.0,2903.478076267887,0.11423998827097456,0.11423998827097456,0.11423998827097707,331.6933013778825,954.6912926692165,1126.6856657772762,231.0914895305356,414591.61369241466,1126.6856657787662,6577.58716018878,0.0,11.70181411703027,1.0
3.44,3.3361291242189557,9800.0,2937.5361789374224,0.1129232287285623,0.11292322872856228,0.11292322872857168,331.716069832605,949.9782890624494,1114.2470061901433,302.61061217170965,405706.18461873283,1114.2470061883268,6505.076567771905,0.0,13.469011364502911,1.0
3.46,3.2976726255769853,9800.0,2971.7928711268964,0.11163898309018817,0.11163898309018816,0.11163898309016006,331.7679340871938,945.2670598737581,1102.045977787074,264.3160177543064,396909.368753423,1102.0459777896854,6418.596098243165,0.0,12.661144104865635,1.0
3.48,3.2598772628779753,9800.0,3006.24815283631,0.11037924652343911,0.11037924652343911,0.11037924652344268,331.82740597256327,940.5593182252162,1090.1385822337334,147.6901113811811,388253.01214750955,1090.1385822358354,6326.601086887125,0.0,9.518977291739981,1.0
3.5,3.2227279677026472,9800.0,3040.9020240656628,0.10914340597979057,0.10914340597979055,0.10914340597978726,331.89440415735544,935.8564261761636,1078.480383042218,33.42345828110399,379782.68881742045,1078.480383046494,6227.911323290197,0.0,4.554376365445013,1.0
3.52,3.1862100984921744,9800.0,3075.7544848149537,0.10793812735565739,0.10793812735565739,0.10793812735563424,331.99117929661963,931.2317540455563,1067.0392673939505,3.7284383221809794,371540.49256125145,1067.0392673902418,6126.725116024986,0.0,-1.5298066088644917,1.0
3.54,3.1503094261193647,9800.0,3110.805535084184,0.10675628975253815,0.10675628975253813,0.10675628975252684,332.09805706721147,926.6121702564806,1055.8094871459916,99.21089281381737,363564.5955905156,1055.809487147438,6025.569690678479,0.0,-7.936301850910134,1.0
3.56,3.115012120025678,9800.0,3146.0551748733537,0.10559609082581127,0.10559609082581128,0.10559609082582264,332.211127988976,921.9975031957711,1044.7851965939053,299.77364671861363,355886.54954904586,1044.7851965956286,5913.417005794735,0.0,-13.873365436429829,1.0
3.58,3.0803047348988346,9800.0,3181.5034041824624,0.10445689893692174,0.10445689893692174,0.1044568989369281,332.3299795581802,917.3882033700942,1034.0075237829108,535.4761103374789,348528.2261634001,1034.0075237871583,5797.16640428859,0.0,-18.64610714521895,1.0
3.6,3.046174197867086,9800.0,3217.150223011509,0.10334511150201084,0.10334511150201084,0.10334511150199098,332.47674851577955,912.7845471961708,1023.4475756052955,719.1627971885446,341500.18216772185,1023.4475756083333,5702.040172169644,0.0,-21.729574836929736,1.0
3.62,3.0126077961873436,9800.0,3252.9956313604957,0.10225330100056047,0.10225330100056047,0.10225330100054666,332.6295414469681,908.1866647739839,1013.0725104838159,784.2146015339881,334802.32838159427,1013.0725104856677,5636.782076401973,0.0,-22.817134572046857,1.0
3.64,2.979593165405554,9800.0,3289.039629229421,0.10118032626327018,0.10118032626327018,0.10118032626326481,332.7861027782403,903.5945650317494,1002.8765856779312,710.6877378920434,328426.62172583985,1002.8765856757644,5604.22137583014,0.0,-21.841171699378535,1.0
3.66,2.947118277968693,9800.0,3325.2822166182855,0.1001255842163004,0.1001255842163004,0.10012558421629432,332.94582462296,899.0081584066869,992.8541068322186,530.0807049282682,322360.62678524724,992.8541068326361,5586.661261430041,0.0,-18.966501266996797,1.0
3.68,2.915171432268832,9800.0,3361.7233935270883,0.09909193780063626,0.09909193780063626,0.0990919378006356,333.1196854143279,894.4272772196991,982.999449331309,308.98875289410336,316590.53617825336,982.9994493315385,5582.506328357821,0.0,-14.559761084651232,1.0
3.7,2.883741242100615,9800.0,3398.363159955831,0.09807849439063134,0.09807849439063134,0.09807849439062288,333.30634212102746,889.8516939006913,973.3070767444399,120.45915594161848,311102.6110946626,973.3070767422076,5562.7264179323765,0.0,-9.140223536661502,1.0
3.72,2.85281662651444,9800.0,3435.201515904512,0.09708129205539247,0.09708129205539247,0.09708129205538933,333.49380163464207,885.2811372150197,963.8063569962503,15.710853771866617,305882.76094382966,963.8063569995613,5534.622022400894,0.0,-3.318777169165331,1.0
3.74,2.8223868000484305,9800.0,3472.238461373132,0.09609978330612658,0.09609978330612658,0.09609978330612098,333.6813637251369,880.7153066350845,954.4798780387316,7.257340134302668,300914.7662790607,954.4798780410766,5501.297549328716,0.0,2.267718554182419,1.0
3.7600000000000002,2.792441263323154,9800.0,3509.473996361691,0.09513343441894256,0.09513343441894256,0.09513343441894397,333.86831427786416,876.1538849969863,945.2976737082315,68.80306595006495,296178.15054561844,945.2976737076154,5487.741529784313,0.0,7.019834054147698,1.0
3.7800000000000002,2.762969793983751,9800.0,3546.908120870189,0.09418587949178124,0.09418587949178124,0.09418587949177763,334.0686608406871,871.596549575198,936.2547884955382,150.3083392908756,291646.76968315744,936.2547884925555,5488.950160524493,0.0,10.430825125021785,1.0
3.8000000000000003,2.7339624379748906,9800.0,3584.540834898627,0.0932541841087301,0.0932541841087301,0.09325418410873253,334.2734309629064,867.0429817008974,927.3464068353894,201.10902043396266,287288.8475405797,927.3464068365678,5504.198344029962,0.0,12.129263619627771,1.0
3.8200000000000003,2.7054095011346613,9800.0,3622.3721384470023,0.09233593813518687,0.09233593813518687,0.09233593813518713,334.47512967826793,862.4928750460078,918.5678594911258,191.75736200494327,283068.615546956,918.5678594933811,5520.530255300751,0.0,11.90623399090164,1.0
3.8400000000000003,2.677301541094118,9800.0,3660.4020315153175,0.09143067858301188,0.09143067858301188,0.09143067858302056,334.6730416281125,857.9459426852936,909.9146284295819,126.63001731400202,278949.1479415073,909.9146284254338,5526.284288790711,0.0,9.726010814283567,1.0
3.86,2.6496293594698805,9800.0,3698.630514103571,0.09053795873440423,0.09053795873440423,0.09053795873440919,334.86645685973576,853.4019230439599,901.3823503772107,43.35712759992453,274895.6142068909,901.3823503766479,5512.210410106397,0.0,5.720742165180557,1.0
3.88,2.6223839943376976,9800.0,3737.057586211764,0.08966035100482224,0.08966035100482224,0.08966035100482732,335.0658949049995,848.8605848328698,892.9668192666247,0.03833839900829535,270878.0963151969,892.9668192644606,5479.819630000544,0.0,0.17102693088734885,1.0
3.9,2.595556712975505,9800.0,3775.683247839896,0.0887967313618566,0.0887967313618566,0.08879673136183978,335.26833106583797,845.0940131578246,884.6639875189828,55.24858341007925,266873.32470098446,884.6639875161778,5430.70201699024,0.0,-6.524697761255011,1.0
3.92,2.5691390048649936,9800.0,3814.5074989879668,0.08794423993806315,0.08794423993806315,0.0879442399380715,335.4639627365708,841.6596260810131,876.4773640975175,247.7773741255477,262865.0691169494,876.4773640999142,5399.986252554795,0.0,-13.888394346481695,1.0
3.94,2.5431225749412145,9800.0,3853.5303396559766,0.08710250233795999,0.08710250233795999,0.08710250233796035,335.65213541928586,838.1963532218992,868.4324210914194,582.566881430406,258843.33419480012,868.432421091197,5368.871012724392,0.0,-21.404458263622512,1.0
3.96,2.517499337080236,9800.0,3892.751769843926,0.08627116020235369,0.08627116020235369,0.08627116020236039,335.8322115642273,834.7415660376532,860.4875564357637,1026.8586876894362,254802.8227489028,860.4875564314303,5341.833135661041,0.0,-28.56180587028291,1.0
3.98,2.492261407815297,9800.0,3932.171789551814,0.08545076694425006,0.08545076694425006,0.08545076694425818,336.0070951737787,831.275401350854,852.6394031902594,1517.1613650704796,250741.2622620255,852.6394031913574,5326.716660556107,0.0,-34.892661569574976,1.0
4.0,2.4674011002723395,9800.0,3971.790398779641,0.08464401864795813,0.08464401864795813,0.08464401864796418,336.188300580109,827.7811578031121,844.8847448177542,1974.4440618680287,246658.12854865883,844.8847448142315,5308.993234543972,0.0,-40.00529983035756,1.0
4.02,2.44291091831622,9800.0,4011.607597527406,0.08384653615624053,0.08384653615624053,0.08384653615623339,336.3594014707022,824.2596154580704,837.2205125103203,2322.8704293498804,242554.09180091607,837.2205125141095,5284.547789744619,0.0,-43.60875364302466,1.0
4.04,2.418783550899264,9800.0,4051.6233857951124,0.08305802759580296,0.08305802759580296,0.08305802759579294,336.51984698513047,820.7115673684918,829.6437822606815,2506.861244289089,238431.23640736775,829.6437822569401,5255.630599658818,0.0,-45.52832191256472,1.0
4.06,2.395011866604227,9800.0,4091.8377635827555,0.08227821545720346,0.08227821545720346,0.08227821545721561,336.66910912803326,817.137821231443,822.1517713879432,2502.240301430491,234293.85494614602,822.1517713873955,5216.954359801913,0.0,-45.711521294590035,1.0
4.08,2.3715889083740285,9800.0,4132.250730890339,0.08150683621280051,0.08150683621280051,0.08150683621279732,336.80668351289086,813.5392005736292,814.7418349632783,2319.223438248904,230149.45622605467,814.7418349604139,5166.03558808409,0.0,-44.22487154331472,1.0
4.1,2.3485078884210253,9800.0,4172.8622877178595,0.08074636491445833,0.08074636491445833,0.08074636491446155,336.94346102186114,809.9165455229509,807.4114618354354,1997.3429630456467,226009.58890713524,807.4114618326822,5103.162564809418,0.0,-41.242530583933096,1.0
4.119999999999999,2.3257621833088327,9800.0,4213.672434065319,0.07999538624755874,0.07999538624755874,0.07999538624754574,337.0743538836914,806.2707132080852,800.1582705562025,1594.4182304746093,221890.15944466324,800.1582705556692,5030.304569713041,0.0,-37.028275107427106,1.0
4.14,2.3033453292000656,9800.0,4254.681169932719,0.07925200144364832,0.07925200144364832,0.0792520014436634,337.1919982218353,802.6025778365457,792.980005123972,1172.8824900721233,217811.07913108703,792.9800051209635,4952.644243814589,0.0,-31.912638993506715,1.0
4.159999999999999,2.2812510172636284,9800.0,4295.888495320058,0.07851600228061803,0.07851600228061803,0.07851600228061391,337.2959908958127,798.9130304849742,785.8745305908808,786.9910133374144,213795.25798287644,785.8745305874189,4868.227222308968,0.0,-26.267174056205388,1.0
4.18,2.2594730892354478,9800.0,4337.294410227337,0.0777871921669845,0.0777871921669845,0.07778719216698245,337.38595377313266,795.2029786473526,778.8398286335716,473.7438743218624,209867.12230522707,778.8398286355131,4792.445081198134,0.0,-20.477796302289235,1.0
4.199999999999999,2.238005533126839,9800.0,4378.898914654554,0.0770653856867194,0.0770653856867194,0.07706538568673196,337.4615337410652,791.4733455668287,771.8739930693839,249.06541320662083,206050.93105710272,771.8739930676571,4721.856165987589,0.0,-14.919046260779572,1.0
4.22,2.216842479074899,9800.0,4420.70200860171,0.07635393195595784,0.07635393195595784,0.07635393195596975,337.53798036239374,787.7250693894157,764.9861354086988,109.31444991204087,202369.1877090246,764.9861354041506,4663.1791685847365,0.0,-9.930850530130083,1.0
4.239999999999999,2.195978195329601,9800.0,4462.703692068804,0.07564942507982603,0.07564942507982603,0.07564942507983537,337.6009686066637,783.9591021644115,758.1829700023172,36.924315841633124,198841.39456400412,758.182969999007,4606.631478350589,0.0,-5.799053588377274,1.0
4.26,2.175407084372448,9800.0,4504.903965055838,0.0749513154486463,0.0749513154486463,0.07495131544863116,337.6484781506894,780.1764087182937,751.4426389746313,8.169850194395659,195483.29734717903,751.442638975355,4550.527074700895,0.0,-2.7406250204010703,1.0
4.279999999999999,2.1551236791617963,9800.0,4547.302827562809,0.07425946068537485,0.07425946068537485,0.07425946068538093,337.680255547922,776.3779654260948,744.7636642057569,0.8613187457085578,192306.6495138197,744.76366420557,4491.1948495022,0.0,-0.8940671882259502,1.0
4.3,2.135122639500132,9800.0,4589.900279589721,0.0735737272126749,0.0735737272126749,0.07357372721268755,337.6960711039725,772.5647589011107,738.1446563697773,0.10608813615940496,189319.4181496947,738.1446563692901,4437.142304004071,0.0,-0.3151783714013803,1.0
4.319999999999999,2.11539874851881,9800.0,4632.696321136573,0.07289414877951142,0.07289414877951142,0.07289414877950963,337.69645488321623,768.7377846231,731.5843107055935,1.0116535400479567,186526.27933242495,731.5843107036482,4405.219151056915,0.0,-0.97798850740107,1.0
4.34,2.0959469092759155,9800.0,4675.690952203362,0.07222378997394902,0.07222378997394902,0.07222378997393586,337.6961213149678,764.8980455212036,725.0814028332479,8.101448989779984,183929.2218875717,725.0814028309414,4386.452886707702,0.0,-2.7803956702409973,1.0
4.359999999999999,2.076762141463126,9800.0,4718.88417279009,0.07155909761953655,0.07155909761953655,0.0715590976195221,337.67909317590386,761.112679454129,718.6347846793888,32.02861425597955,181528.09412736906,718.6347846758739,4376.120560532027,0.0,-5.553802732428765,1.0
4.38,2.057839578217585,9800.0,4762.275982896758,0.070899971616361,0.070899971616361,0.07089997161634039,337.6452320165597,760.6074754093197,712.2433804845878,84.7539972822781,179320.97804769725,712.2433804817762,4368.086873335403,0.0,-9.075891326313105,1.0
4.3999999999999995,2.0391744630349917,9800.0,4805.866382523364,0.070246318518246,0.070246318518246,0.07024631851824925,337.59442066288256,760.1061157747536,705.906182937988,174.58621142220386,177304.34328041287,705.9061829334973,4359.593245110427,0.0,-13.08557547594406,1.0
4.42,2.0207621467802372,9800.0,4849.655371669912,0.06959805115556449,0.06959805115556449,0.0695980511555569,337.5265626443038,759.6079694825787,699.6222493938058,302.3671160608271,175473.00117592432,699.6222493899041,4357.628768177469,0.0,-17.29914712483042,1.0
4.4399999999999995,2.0025980847920946,9800.0,4893.642950336395,0.0689553649004375,0.0689553649004375,0.06895536490044368,337.44293533292995,759.1124376581193,693.3906982333519,459.69788695733666,173819.9327162087,693.3906982363637,4363.416855995686,0.0,-21.426653895221854,1.0
4.46,1.9846778340785776,9800.0,4937.829118522819,0.06832075385726814,0.06832075385726814,0.06832075385725138,337.35620779576607,758.6189527433115,687.2107053543823,629.5562370528352,172336.09290562206,687.2107053527285,4386.1792799288605,0.0,-25.18762695552904,1.0
4.4799999999999995,1.966997050599761,9800.0,4982.213876229181,0.0676912093645138,0.0676912093645138,0.06769120936451364,337.25208259461454,758.1269776113348,681.0815007059227,789.0883558782633,171010.29587892053,681.0815007087816,4419.088098195292,0.0,-28.325393439667863,1.0
4.5,1.9495514866349348,9800.0,5026.797223455484,0.06706666797977785,0.06706666797977785,0.06706666797978185,337.1305403871782,757.6360046724254,675.002365077753,913.895886806491,169829.2623032071,675.0023650787996,4459.0301562408695,0.0,-30.61935230087783,1.0
4.52,1.9323369882311376,9800.0,5071.579160201723,0.0664470707741953,0.0664470707741953,0.06644707077419526,336.9915793948577,757.1455549766221,668.9726268898903,982.8593338218516,168777.87146370148,668.9726268858545,4496.804616953648,0.0,-31.89475364396805,1.0
4.54,1.9153494927301826,9800.0,5116.559686467903,0.06583236303189417,0.06583236303189417,0.06583236303188067,336.83521475384055,756.6551773157449,662.9916591730671,982.4794098359237,167839.61470709654,662.9916591689923,4525.474938078387,0.0,-32.02968893097616,1.0
4.56,1.898585026371453,9800.0,5161.73880225402,0.06522260129863272,0.06522260129863272,0.06522260129865076,336.6620319071891,756.164447325984,657.0588766765377,909.8682087742296,166997.20466387918,657.058876676927,4563.377922502463,0.0,-30.959163578426885,1.0
4.58,1.882039701967803,9800.0,5207.11650756008,0.06462030735125693,0.06462030735125693,0.06462030735125388,336.48546913232,755.6729665952129,651.1737330850247,773.8277605904508,166233.2639263255,651.1737330830626,4613.624838159208,0.0,-28.67627638309636,1.0
4.6,1.8657097166520527,9800.0,5252.692802386075,0.06402267892504854,0.06402267892504854,0.06402267892503828,336.2914647790232,755.1894914072154,645.3357183266144,593.8427713558644,165531.00242662866,645.3357183286821,4664.035214386499,0.0,-25.230665622038877,1.0
4.62,1.849591349691602,9800.0,5298.46768673201,0.06342967729678199,0.06342967729678199,0.06342967729679896,336.08009553692835,754.7108523814121,639.5443560807416,397.20408780874266,164874.79582736266,639.5443560819233,4712.706369868458,0.0,-20.724495002491693,1.0
4.64,1.8336809603688615,9800.0,5344.441160597884,0.06284126659369181,0.06284126659369181,0.06284126659369957,335.8514517674727,754.2302395771682,633.8019127861262,214.8011519138222,164250.5956150759,633.8019127878421,4763.84661349111,0.0,-15.306341045583675,1.0
4.659999999999999,1.8179749859252081,9800.0,5390.613223983696,0.06225741356759135,0.06225741356759135,0.0622574135676024,335.6056368685395,753.7473510675615,628.120040987611,76.32582441513387,163646.13062967182,628.1200409886068,4815.987604395639,0.0,-9.163405741322748,1.0
4.68,1.802469939566323,9800.0,5436.98387688945,0.061678087380302664,0.06167808738030267,0.06167808738029677,335.3427666440522,753.261906487257,622.4829776374609,5.689294551101057,163050.89347128983,622.4829776333495,4866.777252212723,0.0,-2.5125146215618512,1.0
4.699999999999999,1.7871624085268194,9800.0,5483.55311931514,0.0611054265653346,0.0611054265653346,0.06110542656532876,335.07485244939073,752.7736462094892,616.8903720799935,17.375487472630248,162455.93754026532,616.8903720835033,4917.182561281403,0.0,4.409627825708491,1.0
4.72,1.772049052192143,9800.0,5530.320951260771,0.06053747335717413,0.060537473357174125,0.060537473357165424,334.79165724352265,752.2823305362634,611.3418961695206,114.26991735524714,161853.53625696927,611.3418961677446,4963.890594221165,0.0,11.356463833792304,1.0
4.739999999999999,1.7571266002758392,9800.0,5577.2873727263395,0.05997389486837536,0.05997389486837536,0.05997389486836539,334.49164654255134,751.7877389048385,605.8372423240289,287.2367252178273,161236.77178302096,605.8372423282876,5002.168712477925,0.0,18.081456955121105,1.0
4.76,1.7423918510503074,9800.0,5624.452383711848,0.05941466963271854,0.05941466963271854,0.059414669632720955,334.1749802432093,751.2896691098728,600.3761218699001,516.4425572136605,160599.12490576034,600.3761218669492,5033.780615135494,0.0,24.347428276338366,1.0
4.779999999999999,1.7278416696292715,9800.0,5671.8159842172945,0.058859777645684896,0.058859777645684896,0.058859777645681,333.8418276782493,750.7879365424888,594.9582632865859,774.1643333702799,159934.13110978963,594.9582632882933,5063.218113401546,0.0,29.935023504504564,1.0
4.8,1.713472986300236,9800.0,5719.378174242682,0.05830920021271718,0.05830920021271718,0.05830920021272441,333.49236705420276,750.2823734470827,589.5834107423216,1028.6197549399697,159235.15239746496,589.5834107386318,5086.899828948703,0.0,34.65004460041662,1.0
4.819999999999999,1.699282794905281,9800.0,5767.138953788006,0.05776413458703414,0.05776413458703414,0.057764134587011164,333.13379070860515,749.7728281950967,584.2513225297953,1248.24775104753,158495.29328168184,584.2513225329383,5106.561643956437,0.0,38.32944828121382,1.0
4.84,1.685268151268588,9800.0,5815.098322853271,0.057224269221279184,0.05722426922127918,0.05722426922128481,332.7647519751974,749.2591645784584,578.9617697746653,1405.8391019861683,157707.46623202565,578.9617697735674,5119.98012103962,0.0,40.84588321538833,1.0
4.859999999999999,1.6714261716691836,9800.0,5863.256281438473,0.05668860422107645,0.05668860422107645,0.05668860422107133,332.379814785176,748.7412611190092,573.7145350440333,1481.979630506439,156864.59013469066,573.71453504673,5128.110825341221,0.0,42.11070513605244,1.0
4.88,1.6577540313573902,9800.0,5911.612829543617,0.05615712628942456,0.05615712628942456,0.056157126289420364,331.9791882428386,748.2190103995879,568.5094112095758,1467.398603935617,155959.88792784404,568.5094112067928,5131.954864775061,0.0,42.07547191764393,1.0
4.8999999999999995,1.6442489631135957,9800.0,5960.167967168699,0.05562982277966428,0.05562982277966429,0.05562982277965533,331.5630877505733,747.6923184117245,563.3462002288215,1363.981767694275,154987.23833326047,563.3462002323208,5131.323618101271,0.0,40.731976926448404,1.0
4.92,1.630908255847934,9800.0,6008.921694313719,0.05510668159399185,0.05510668159399185,0.05510668159399714,331.1317345318079,747.1611039225852,558.224712162897,1184.400485018563,153941.53239289613,558.2247121595472,5124.7637072789785,0.0,38.110927217396956,1.0
4.9399999999999995,1.6177292532395808,9800.0,6057.874010978678,0.054587691982549855,0.05458769198254985,0.054587691982545476,330.68536058037137,746.6252978613834,553.1447640851329,950.4791835579833,152818.9880518177,553.1447640843246,5114.020353266744,0.0,34.279412465891504,1.0
4.96,1.6047093524143727,9800.0,6107.024917163576,0.05407473454044041,0.0540747345404404,0.05407473454042904,330.235751227406,746.0848427240383,548.1061792352339,690.5702359882523,151617.38427906128,548.1061792343747,5096.739674654962,0.0,29.33734043384219,1.0
4.9799999999999995,1.5918460026595314,9800.0,6156.374412868411,0.053565847761556346,0.05356584776155635,0.053565847761568926,329.7714145629276,745.5396919965008,543.108786100689,436.3012911738639,150336.1884421994,543.1087861040675,5075.6937768135185,0.0,23.413035234668158,1.0
5.0,1.5791367041742972,9800.0,6205.9224980931895,0.053061022220003605,0.053061022220003605,0.05306102221998347,329.29259156681803,744.9898095962643,538.1524176527964,219.10189504806738,148976.56492291336,538.1524176500778,5052.155431553522,0.0,16.65820600906653,1.0
5.02,1.566579006855345,9800.0,6255.669172837904,0.052560248603674115,0.05256024860367411,0.05256024860366022,328.7995269066137,744.4351693339163,533.2369105463076,66.91153734288866,147541.2672800028,533.2369105498902,5036.010780807037,0.0,9.242496502252923,1.0
5.04,1.5541705091158602,9800.0,6305.6144371025575,0.05206351765102284,0.05206351765102284,0.05206351765103741,328.29246854672533,743.8757543900248,528.3621045100663,1.4116962145660823,146034.4289196453,528.3621045099625,5023.609647474168,0.0,1.3478212904500149,1.0
5.06,1.5419088567372337,9800.0,6355.75829088715,0.051570820093077584,0.051570820093077584,0.05157082009308217,327.7716673744566,743.3115568119717,523.5278416285073,36.041215181963736,144461.27693508123,523.5278416304584,5007.8847915251,0.0,-6.837316878483837,1.0
5.08,1.5297917417523341,9800.0,6406.100734191682,0.051082340820016045,0.051082340820016045,0.05108234082000517,327.23862103126487,742.7425770280586,518.733965823245,174.94373979876832,142827.79974375785,518.7339658207298,4990.231390969884,0.0,-15.123350892089297,1.0
5.1,1.5178169013593785,9800.0,6456.641767016154,0.05059930941399049,0.05059930941399049,0.050599309413989456,326.70161454453796,742.1688233789765,513.9803222619012,412.8833463168459,141140.40116696584,513.9803222600067,4968.281851275473,0.0,-23.32485740140701,1.0
5.12,1.5059821168654417,9800.0,6507.381389360563,0.05012023273861495,0.05012023273861495,0.05012023273861763,326.1514697537004,741.5903116649174,509.2667569033583,736.0638132998811,139405.57190347518,509.2667569035223,4943.076842088673,0.0,-31.26531640290149,1.0
5.14,1.4942852126586867,9800.0,6558.319601224911,0.04964510221074184,0.04964510221074184,0.04964510221074425,325.5884469335382,741.0070647113795,504.5931160339169,1123.6953134475934,137629.60459356973,504.59311603257316,4915.456781045653,0.0,-38.78131521206,1.0
5.159999999999999,1.4827240552084249,9800.0,6609.456402609199,0.04917390899489753,0.04917390899489753,0.04917390899488881,325.01280764758997,740.4191119499106,499.9592458398329,1550.0973703303864,135818.371749599,499.9592458434375,4884.572631177458,0.0,-45.72611638156058,1.0
5.18,1.4712965520921515,9800.0,6660.791793513425,0.04870664397173331,0.04870664397173331,0.048706643971727824,324.4248144564648,739.8264890156165,495.3649920708049,1987.0922265346182,133977.1777413634,495.3649920750427,4850.322369851336,0.0,-51.97253556257776,1.0
5.199999999999999,1.4600006510487218,9800.0,6712.325773937592,0.04824329770997793,0.04824329770997793,0.04824329770996081,323.82473063831435,739.2292373595963,490.8101996670812,2406.4415364962047,132110.68777275106,490.81019967098587,4812.477849385904,0.0,-57.415100747672916,1.0
5.22,1.4488343390568779,9800.0,6764.058343881698,0.04778386044168366,0.04778386044168366,0.04778386044167618,323.2128199233984,738.6274038774403,486.29471247751644,2782.099057988796,130222.92924192692,486.2947124773248,4770.51816966362,0.0,-61.97148807178823,1.0
5.239999999999999,1.4377956414383426,9800.0,6815.9895033457415,0.04732949025703537,0.04732949025703537,0.04732949025705021,322.59730879075875,738.0210405513008,481.81837296853337,3092.096587422829,128317.35470455523,481.818372969554,4723.438835557138,0.0,-65.58325082619596,1.0
5.26,1.4268826209847418,9800.0,6868.119252329722,0.046879194058349734,0.046879194058349734,0.046879194058352475,321.97189524587174,737.4102041078656,477.38102201493894,3319.931983013749,126396.95131194116,477.3810220105797,4674.042393700389,0.0,-68.21587714972232,1.0
5.279999999999999,1.416093377107633,9800.0,6920.447590833646,0.04643273269498644,0.04643273269498644,0.04643273269498905,321.33529311485967,736.7949556900472,472.98249863617093,3455.389625960486,124464.3792408316,472.982498637602,4626.738740503028,0.0,-69.85822771124684,1.0
5.3,1.4054260450109444,9800.0,6972.974518857508,0.045990095901767995,0.045990095901767995,0.04599009590177496,320.6877668428899,736.1753605414758,468.6226398689687,3494.781845675175,122522.12123662325,468.62263987241727,4583.422207034115,0.0,-70.52141746011675,1.0
5.319999999999999,1.394878794885149,9800.0,7025.700036401305,0.04555127297422895,0.04555127297422895,0.04555127297422741,320.0295801931553,735.5514877052888,464.3012805581893,3440.654295983582,120572.6267309318,464.30128055802476,4538.97431069871,0.0,-70.23721513865974,1.0
5.34,1.3844498311225235,9800.0,7078.624143465046,0.04511625276004685,0.04511625276004685,0.045116252760040686,319.3609960498955,734.9234097354113,460.0182532203835,3301.0384191769103,118618.43668471216,460.01825321792484,4493.458008524161,0.0,-69.05604080796748,1.0
5.359999999999999,1.3741373915528734,9800.0,7131.746840048723,0.04468801670458453,0.04468801670458453,0.04468801670457608,318.70362192090505,734.2912024209033,455.77338793465606,3088.363099214483,116662.27891792475,455.77338793587745,4448.233927139001,0.0,-67.04464527715665,1.0
5.38,1.3639397466991001,9800.0,7185.06812615234,0.04430364845979804,0.04430364845979804,0.044303648459799415,318.324732420763,733.654944521461,451.56651225171663,2818.155668805426,114707.12773905805,451.56651225608243,4401.741368966394,0.0,-64.28355626546191,1.0
5.3999999999999995,1.3538551990520384,9800.0,7238.588001775894,0.04398440913979048,0.04398440913979048,0.043984409139784235,318.3850162644441,733.0147175157308,447.39745110293006,2507.6594112405346,112756.22575369936,447.3974511013977,4354.585262225684,0.0,-60.8643746497653,1.0
5.42,1.3438820823639872,9800.0,7292.30646691939,0.04367854083991864,0.04367854083991864,0.043678540839918026,318.5173058325369,732.3706053605075,443.266026709367,2174.489132374054,110813.06942819883,443.26602670961574,4305.941573885683,0.0,-56.88700055816337,1.0
5.4399999999999995,1.3340187609603913,9800.0,7346.223521582823,0.043374475317957226,0.043374475317957226,0.043374475317970285,318.6385908171869,731.7226942608735,439.1726211295977,1835.424739235156,108881.36302885262,439.17262112837415,4256.266267919419,0.0,-52.45686369874112,1.0
5.46,1.3242636290691352,9800.0,7400.339165766197,0.04307088102181647,0.04307088102181647,0.04307088102183453,318.7391277299381,731.0710724518265,435.11993810430477,1505.4193672708245,106964.94778602276,435.1199381048696,4204.900208867456,0.0,-47.68222551354921,1.0
5.4799999999999995,1.3146151101669452,9800.0,7454.653399469508,0.042767818434631226,0.042767818434631226,0.04276781843461436,318.81926308149264,730.4158299882791,431.1041134613847,1196.8693119366496,105067.71443946265,431.1041134596976,4156.286517523733,0.0,-42.67161285553901,1.0
5.5,1.3050716563423945,9800.0,7509.166222692758,0.04246534610303568,0.04246534610303568,0.04246534610304101,318.8793425919131,729.7570585488479,427.12496471072564,919.1675227971623,103193.50776180234,427.12496471304456,4112.075221970642,0.0,-37.53143423760569,1.0
5.52,1.2956317476750365,9800.0,7563.877635435948,0.04216352066606801,0.04216352066606801,0.04216352066607137,318.9197109973386,729.0948512436698,423.1823064518326,678.5333006429229,101346.03128161601,423.182306453248,4069.538369263218,0.0,-32.36382060668326,1.0
5.54,1.2862938916301994,9800.0,7618.787637699078,0.04186239688471895,0.04186239688471895,0.041862396884713174,318.9407118697051,728.4293024367706,419.27595035563763,478.09299665570137,99528.75943332235,419.2759503564716,4024.3972166877534,0.0,-27.264723349712224,1.0
5.56,1.2770566224689925,9800.0,7673.896229482141,0.04156202767204717,0.04156202767204717,0.04156202767204438,318.9426874421338,727.7605075747529,415.80205619860874,318.1689127790211,97744.86288157053,415.8020561949457,3976.9644422107945,0.0,-22.322293081194,1.0
5.58,1.2679185006730849,9800.0,7729.20341078515,0.041262702990632096,0.041262702990632096,0.0412627029906396,318.9278246934662,727.0885630243638,413.0306686907171,196.72244465059714,95997.15103969524,413.0306686877609,3926.1376686126814,0.0,-17.615553942392854,1.0
5.6,1.2588781123838466,9800.0,7784.7091816080965,0.0409656478050044,0.0409656478050044,0.04096564780500134,318.90565459811745,726.4135659182799,410.26470005230306,109.89592836622869,94288.03398050915,410.26470005211957,3872.957517991719,0.0,-13.213379818628868,1.0
5.62,1.2499340688554297,9800.0,7840.41354195098,0.04066945094154633,0.04066945094154633,0.04066945094153392,318.8653139057136,725.7356140097648,407.50464547594686,52.59598014889221,92619.504209763,407.5046454728934,3819.334681078395,0.0,-9.17377123959471,1.0
5.64,1.241085005921402,9800.0,7896.3164918138045,0.040374159184030485,0.040374159184030485,0.040374159184031304,318.8071390079822,725.0548055344491,404.75098352866564,19.06898934155902,90993.13724210991,404.75098353032195,3764.7483200630554,0.0,-5.543424853628828,1.0
5.659999999999999,1.2323295834745547,9800.0,7952.418031196564,0.0400798176077172,0.0400798176077172,0.040079817607721606,318.73146423071483,724.3712390790939,402.0041764884264,3.424781481214992,89410.10871387794,402.0041764875463,3708.9197003626014,0.0,-2.357581370819325,1.0
5.68,1.2236664849595018,9800.0,8008.718160099268,0.039786469611804855,0.039786469611804855,0.03978646961181838,318.63862170640755,723.6850134580416,399.26467058061473,0.07922814983537595,87871.22489603977,399.2646705827338,3652.046502814501,0.0,0.3598672194776226,1.0
5.699999999999999,1.2150944168777298,9800.0,8065.216878521906,0.039494156952030526,0.039494156952030526,0.039494156952044876,318.5289412526256,722.9962275966149,396.5328963236426,4.0944872696137065,86376.9629879544,396.5328963212581,3594.590853670861,0.0,2.596034484111898,1.0
5.72,1.2066121083047285,9800.0,8121.914186464488,0.03920291977337735,0.03920291977337735,0.039202919773371446,318.40275025817476,722.3049804203021,393.80926877451213,11.40813065753437,84927.51742697852,393.8092687709992,3536.782697567088,0.0,4.348486972718049,1.0
5.739999999999999,1.1982183104188904,9800.0,8178.8100839270055,0.038912796642835965,0.038912796642835965,0.03891279664283689,318.2603735762353,721.6113707516026,391.0941878562336,18.952862184856965,83522.84861724579,391.0941878590692,3478.7795050041914,0.0,5.624511060718275,1.0
5.76,1.1899117960418306,9800.0,8235.904570909463,0.03862382458218512,0.03862382458218512,0.03862382458218144,318.1021334223934,720.91549721091,388.3880386670536,24.67672669719659,82162.73089041405,388.3880386673332,3421.67238566835,0.0,6.440229451756265,1.0
5.779999999999999,1.1816913591898277,9800.0,8293.197647411858,0.03833656867916272,0.03833656867916272,0.038336568679173386,317.93274117996384,720.2174581258815,385.69119173511365,27.478414721759727,80846.79709402342,385.6911917315097,3365.6419800795147,0.0,6.819598197697096,1.0
5.8,1.1735558146360712,9800.0,8350.689313434195,0.03805136251349878,0.03805136251349878,0.0380513625134991,317.7551063030875,719.5173514433098,383.0040033367733,27.079299079251218,79574.57788521696,383.00400333719756,3310.0672484872657,0.0,6.7933149672111455,1.0
5.819999999999999,1.1655039974834214,9800.0,8408.379568976467,0.03776737295160646,0.03776737295160646,0.037767372951603186,317.56240710017465,718.8152746488793,380.3268158149332,23.85215960602629,78345.53451769723,380.32681581874084,3255.1666584637414,0.0,6.397668509105477,1.0
5.84,1.1575347627473915,9800.0,8466.268414038681,0.03748463196400723,0.03748463196400723,0.03748463196400568,317.354955608726,718.1113246908602,377.65995785188363,18.628773509175737,77159.08459183104,377.65995785466635,3203.496606940808,0.0,5.6733579042048685,1.0
5.859999999999999,1.1496469849490802,9800.0,8524.355848620833,0.037203170123390875,0.037203170123390875,0.03720317012338757,317.13306082853467,717.4055979085056,375.0037447603428,12.505737254907242,76014.6208408001,375.00374476362384,3156.0100762537472,0.0,4.6643083675412615,1.0
5.88,1.1418395577177747,9800.0,8582.641872722927,0.03692301663692245,0.03692301663692245,0.03692301663693105,316.8970286553697,716.6981899663211,372.3584788017798,6.664077996444632,74911.52351449362,372.3584787990387,3112.638701220346,0.0,3.41650813295873,1.0
5.8999999999999995,1.1341113934029714,9800.0,8641.126486344956,0.0366441993783179,0.0366441993783179,0.036644199378317525,316.64716181888497,715.9891957903882,369.73331568346725,2.2161126089040475,73849.16728472158,369.73331568372436,3071.1885721192325,0.0,1.9768884310155599,1.0
5.92,1.126461422695553,9800.0,8699.809689486927,0.03636674491966748,0.03636674491966748,0.03636674491966045,316.38375982716144,715.2787095124497,367.1209702044023,0.08667282047144449,72826.92381733276,367.12097020280345,3031.402853979253,0.0,0.39226581976094105,1.0
5.9399999999999995,1.118888594257883,9800.0,8758.691482148832,0.03609067856298071,0.03609067856298071,0.03609067856299222,316.10711891465144,714.5668244150799,364.52011132509756,0.9333327397607184,71844.1612494394,364.5201113213431,2992.9074726282324,0.0,-1.291636744430567,1.0
5.96,1.111391874362569,9800.0,8817.77186433068,0.03581602437143119,0.03581602437143119,0.03581602437143667,315.81753199463617,713.8536328815102,361.930998433442,5.10542014452701,70900.24178562644,361.93099843353,2956.1033688854336,0.0,-3.0310766635641677,1.0
5.9799999999999995,1.1039702465396761,9800.0,8877.050836032466,0.03554280520027896,0.03554280520027896,0.03554280520026844,315.515288617982,713.1392263507253,359.353879184843,12.638784508747642,69994.51851218281,359.353879187657,2921.654035471391,0.0,-4.78507578070272,1.0
